rut_cliente;nombre_cliente;monto;banco_destino;cuenta_destino;referencia_banco
6876966-3;FELIPE SOTO MORALES;846303.34;BANCO ESTADO;627820024292;REF-2026-000001
15558837-3;VALENTINA TORRES LOPEZ;1860315.82;ITAU;289376437635;REF-2026-000002
9685216-9;FELIPE FLORES FLORES;556009.95;BANCO SECURITY;644806247029;REF-2026-000003
18401657-5;CRISTOBAL SILVA ROJAS;1073554.63;BANCO ESTADO;055785667210;REF-2026-000004
8679214-1;FRANCISCA DIAZ FUENTES;1255760.08;BANCO SECURITY;655474071330;REF-2026-000005
20705148-9;FERNANDA MARTINEZ FLORES;1810185.01;BANCO ESTADO;974590532631;REF-2026-000006
23017734-1;ANTONIA MORALES MUNOZ;620514.55;BANCO SANTANDER;002948728483;REF-2026-000007
13837869-1;FERNANDA DIAZ ARAYA;1918919.13;SCOTIABANK;704694611575;REF-2026-000008
22034339-1;JORGE CONTRERAS ROJAS;789154.97;BANCO SANTANDER;658132452561;REF-2026-000009
15876872-0;NICOLAS PEREZ MUNOZ;1953461.46;SCOTIABANK;062157982007;REF-2026-000010
13082309-2;ISIDORA GONZALEZ GONZALEZ;1539921.62;BANCO ESTADO;838424066816;REF-2026-000011
22874652-5;FRANCISCA ROJAS TORRES;1990685.70;BANCO SANTANDER;581958994499;REF-2026-000012
25353914-3;SEBASTIAN CONTRERAS FLORES;1588905.93;BCI;343364508902;REF-2026-000013
18387959-6;CRISTOBAL HERNANDEZ ARAYA;951835.15;BCI;070684544463;REF-2026-000014
16344269-8;MARIA ESPINOZA FLORES;487585.75;BCI;078340295766;REF-2026-000015
6975475-9;FELIPE GONZALEZ SOTO;1807786.42;BANCO ESTADO;260906321488;REF-2026-000016
14344146-6;NICOLAS CONTRERAS FLORES;-282478.92;ITAU;861037124392;REF-2026-000017
20870338-2;SEBASTIAN CONTRERAS MUNOZ;208278.84;BANCO SECURITY;466378164447;REF-2026-000018
18794303-5;CATALINA SOTO MUNOZ;132113.51;BANCO FALABELLA;949331323761;REF-2026-000019
8666460-7;FELIPE CONTRERAS CONTRERAS;1129672.57;BANCO SANTANDER;200380463457;REF-2026-000020
14346424-5;CATALINA SILVA GONZALEZ;934312.70;BANCO ESTADO;714181846360;REF-2026-000021
23139121-5;MARIA GONZALEZ SILVA;353779.52;ITAU;234995652670;REF-2026-000022
18456679-6;JUAN DIAZ LOPEZ;9520.49;SCOTIABANK;863972824015;REF-2026-000023
20267547-6;MATIAS FUENTES FLORES;1393044.91;ITAU;207823277527;REF-2026-000024
14955862-4;VALENTINA SOTO ESPINOZA;1547952.69;BANCO CHILE;347809914267;REF-2026-000025
6918148-1;JUAN ESPINOZA TORRES;1059553.67;BANCO SANTANDER;089080452706;REF-2026-000026
11235251-1;CAMILA VALDES GONZALEZ;1421023.30;BANCO SECURITY;627594012825;REF-2026-000027
13261616-7;ISIDORA VALDES SOTO;1303937.10;BANCO SECURITY;643773523346;REF-2026-000028
23965868-7;FERNANDA MORALES MARTINEZ;433362.85;BANCO FALABELLA;289787957213;REF-2026-000029
18280369-3;FRANCISCA SEPULVEDA HERNANDEZ;668071.96;BANCO ESTADO;503551183219;REF-2026-000030
25842645-2;ISIDORA MUNOZ GONZALEZ;1132501.27;SCOTIABANK;968866623129;REF-2026-000031
7308253-6;FELIPE RODRIGUEZ SEPULVEDA;335819.56;SCOTIABANK;890003396697;REF-2026-000032
22748304-0;MARIA FLORES SEPULVEDA;1959034.84;BANCO ESTADO;967105347950;REF-2026-000033
9506062-5;ANTONIA MUNOZ MUNOZ;1561960.70;BANCO SANTANDER;311407371993;REF-2026-000034
25294721-3;VALENTINA MORALES CONTRERAS;1446785.81;SCOTIABANK;540041627377;REF-2026-000035
13426230-3;JUAN GONZALEZ FUENTES;1744269.35;BANCO CHILE;;REF-2026-000036
5118973-6;JAVIERA ROJAS MARTINEZ;343861.94;ITAU;776463562649;REF-2026-000037
19350791-9;MARIA MUNOZ GONZALEZ;1986915.88;BANCO SANTANDER;041997998139;REF-2026-000038
17388832-5;ISIDORA FLORES ROJAS;906328.16;BANCO CHILE;401755918055;REF-2026-000039
6338649-9;CRISTOBAL CONTRERAS SILVA;1403660.13;BANCO FALABELLA;618530897084;REF-2026-000040
18635762-0;JORGE ROJAS SILVA;-1818209.20;BANCO SANTANDER;455757219856;REF-2026-000041
5831692-K;DIEGO MORALES FUENTES;1687409.85;BCI;173944613643;REF-2026-000042
8627087-0;CONSTANZA SOTO TORRES;471477.25
20445213-K;CRISTOBAL SEPULVEDA SILVA;472504.03;BCI;363488651216;REF-2026-000044
14348367-3;CAMILA MARTINEZ RODRIGUEZ;1350284.65;BANCO SECURITY;593034016653;REF-2026-000045
16111545-2;MARIA MUNOZ MARTINEZ;379483.74;SCOTIABANK;117128430402;REF-2026-000046
25017609-0;SEBASTIAN RODRIGUEZ MORALES;920184.77;BANCO ESTADO;990496879843;REF-2026-000047
24347084-6;VALENTINA MARTINEZ SOTO;1491430.55;BANCO CHILE;592874457344;REF-2026-000048
11611401-1;CRISTOBAL FUENTES GONZALEZ;1994934.85;BANCO FALABELLA;347273815783;REF-2026-000049
9181731-4;MATIAS ARAYA SEPULVEDA;1403575.52;BANCO FALABELLA;767232475190;REF-2026-000050
14920542-K;TOMAS ROJAS CONTRERAS;886739.85;BANCO SECURITY;824247811948;REF-2026-000051
10839388-2;JORGE ESPINOZA SEPULVEDA;856601.70;BANCO CHILE;315837745591;REF-2026-000052
12052560-3;SEBASTIAN ESPINOZA VALDES;1378017.41;ITAU;488228760932;REF-2026-000053
12170629-6;FERNANDA TORRES DIAZ;1386710.10;SCOTIABANK;729063322537;REF-2026-000054
25778944-6;JAVIERA GONZALEZ SILVA;1415954.39;BCI;219212526070;REF-2026-000055
9944378-2;MARIA SOTO SILVA;1001433.78;BANCO ESTADO;458222530916;REF-2026-000056
24316310-2;VALENTINA LOPEZ TORRES;843132.31;BANCO SANTANDER;759731991785;REF-2026-000057
5186053-5;PEDRO FUENTES SILVA;373861.89;ITAU;611101042340;REF-2026-000058
13361706-K;PEDRO HERNANDEZ ROJAS;1685692.59;BANCO FALABELLA;834009077155;REF-2026-000059
19850299-5;JORGE ARAYA FUENTES;1746829.70;ITAU;176652171321;REF-2026-000060
20927431-0;CATALINA MARTINEZ SILVA;1766320.81;SCOTIABANK;858987636625;REF-2026-000061
22491919-0;NICOLAS SILVA MARTINEZ;927479.09;SCOTIABANK;298359885684;REF-2026-000062
16269173-2;JAVIERA FLORES GONZALEZ;295191.19;BCI;762854335443;REF-2026-000063
10127293-1;VALENTINA GONZALEZ FUENTES;859797.42;ITAU;067210246191;REF-2026-000064
11940210-7;SEBASTIAN LOPEZ ESPINOZA;1989035.89;BANCO CHILE;971047277656;REF-2026-000065
24316962-3;CONSTANZA TORRES PEREZ;1982072.45;SCOTIABANK;429437913341;REF-2026-000066
19060021-1;TOMAS FLORES VALDES;1887846.28;ITAU;298295152191;REF-2026-000067
19624228-7;NICOLAS PEREZ LOPEZ;709914.85;BANCO SECURITY;184498961791;REF-2026-000068
20683010-7;FRANCISCA VALDES FLORES;61552.50;BANCO CHILE;705735188129;REF-2026-000069
19381858-7;FRANCISCA HERNANDEZ DIAZ;110454.33;BANCO SECURITY;234334202984;REF-2026-000070
20257177-8;JAVIERA MORALES LOPEZ;588546.96;BANCO SECURITY;916911532013;REF-2026-000071
7748317-9;NICOLAS PEREZ FLORES;114231.44;BCI;076806791671;REF-2026-000072
6350838-1;MARIA SILVA CONTRERAS;1764990.02;BANCO SANTANDER;139463496194;REF-2026-000073
20890072-2;PEDRO ESPINOZA CONTRERAS;980246.89;SCOTIABANK;408020728093;REF-2026-000074
10630069-0;JORGE VALDES MUNOZ;1636147.20;SCOTIABANK;637119440405;REF-2026-000075
5861624-9;MATIAS ESPINOZA LOPEZ;836844.91;BCI;649866464070;REF-2026-000076
13148673-1;PEDRO SEPULVEDA VALDES;1694314.15;BANCO CHILE;586606781064;REF-2026-000077
19373980-6;CRISTOBAL GONZALEZ ARAYA;1362996.43;BANCO CHILE;464210400205;REF-2026-000078
21448439-0;PEDRO FUENTES RODRIGUEZ;1337918.58;BANCO SANTANDER;196143931370;REF-2026-000079
22506915-8;ANTONIA VALDES FLORES;1629540.61;ITAU;909108877647;REF-2026-000080
24880149-2;ANTONIA MORALES SILVA;1747169.11;SCOTIABANK;498707816158;REF-2026-000081
13182699-0;CATALINA ESPINOZA VALDES;1406292.48;BANCO FALABELLA;542289144833;REF-2026-000082
15905665-1;DIEGO TORRES CONTRERAS;749121.33;BANCO FALABELLA;968568765641;REF-2026-000083
25003642-6;ANTONIA FLORES PEREZ;1088445.24;BANCO ESTADO;792310598800;REF-2026-000084
18637464-9;NICOLAS FLORES SILVA;1453312.60;ITAU;870508288813;REF-2026-000085
5578587-2;CAMILA SEPULVEDA SILVA;853090.88;BCI;728164617915;REF-2026-000086
24513767-2;CRISTOBAL TORRES FLORES;1118423.44;BANCO SECURITY;821324285791;REF-2026-000087
23467972-4;JAVIERA RODRIGUEZ HERNANDEZ;573152.39;SCOTIABANK;130839172235;REF-2026-000088
11462056-4;JAVIERA MUNOZ FLORES;1999134.97;BANCO SANTANDER;238045863496;REF-2026-000089
21247008-2;ANTONIA ESPINOZA ARAYA;1256560.36;BANCO ESTADO;215029509095;REF-2026-000090
14940381-7;FELIPE RODRIGUEZ DIAZ;638901.01;BANCO SANTANDER;049422798459;REF-2026-000091
6829589-0;TOMAS SEPULVEDA ROJAS;1342709.96;ITAU;959218317578;REF-2026-000092
5411558-K;ISIDORA SEPULVEDA TORRES;1008936.56;BANCO FALABELLA;276098568281;REF-2026-000093
21029931-9;PEDRO GONZALEZ LOPEZ;1036267.09;BANCO CHILE;164860419795;REF-2026-000094
23885762-7;MATIAS GONZALEZ SILVA;253410.71;BANCO SECURITY;656439143467;REF-2026-000095
25750676-2;FELIPE ARAYA LOPEZ;949797.56;SCOTIABANK;648939482105;REF-2026-000096
19389141-1;MATIAS ESPINOZA VALDES;131312.78;BANCO ESTADO;842588491630;REF-2026-000097
11972205-5;VALENTINA MARTINEZ GONZALEZ;334372.30;BANCO SANTANDER;084975167271;REF-2026-000098
10252363-6;MARIA FUENTES HERNANDEZ;1450716.76;ITAU;036610687504;REF-2026-000099
12767053-4;MATIAS HERNANDEZ GONZALEZ;1446550.29;SCOTIABANK;871967089400;REF-2026-000100
25973466-5;ISIDORA CONTRERAS FUENTES;245703.69;BCI;166990327202;REF-2026-000101
13913146-0;FRANCISCA GONZALEZ SOTO;352965.39;SCOTIABANK;136030135894;REF-2026-000102
20726894-1;MATIAS LOPEZ MARTINEZ;1054566.69;ITAU;088779505945;REF-2026-000103
25066780-9;JUAN FUENTES MORALES;1271079.32;BANCO CHILE;250500349165;REF-2026-000104
24300479-9;ISIDORA PEREZ MARTINEZ;-1213477.05;BANCO SANTANDER;569956468715;REF-2026-000105
19838756-8;ANTONIA DIAZ ESPINOZA;-919117.81;ITAU;103946308354;REF-2026-000106
20770931-K;CRISTOBAL FUENTES MORALES;678307.85;BANCO ESTADO;180777594736;REF-2026-000107
16066374-K;SEBASTIAN TORRES SEPULVEDA;1394538.51;BANCO CHILE;097442742929;REF-2026-000108
15553444-3;ANTONIA MORALES MUNOZ;1625150.51;BANCO CHILE;957307369546;REF-2026-000109
23206419-6;CATALINA FUENTES SOTO;398389.66;BANCO FALABELLA;832602880237;REF-2026-000110
21726652-1;CATALINA SOTO CONTRERAS;565057.70;BANCO SANTANDER;318516936790;REF-2026-000111
19700736-2;NICOLAS MUNOZ PEREZ;1326252.77;BCI;175847185866;REF-2026-000112
15427044-2;TOMAS PEREZ FLORES;860618.11;BCI;928679680601;REF-2026-000113
8807123-9;CATALINA MUNOZ ROJAS;1050169.91;SCOTIABANK;776279701940;REF-2026-000114
14174617-0;SEBASTIAN TORRES TORRES;42713009.00;ITAU;162281455424;REF-2026-000115
17871010-9;VALENTINA VALDES ARAYA;1570088.17;BANCO ESTADO;848295030873;REF-2026-000116
18923157-1;JAVIERA ARAYA MARTINEZ;1725816.00;SCOTIABANK;330535879738;REF-2026-000117
24694361-3;ISIDORA TORRES ROJAS;941477.68;ITAU;367554516218;REF-2026-000118
23519275-6;TOMAS LOPEZ HERNANDEZ;1961332.41;BCI;769716573635;REF-2026-000119
13012984-6;ISIDORA LOPEZ SILVA;1800189.99;BANCO SECURITY;349079814698;REF-2026-000120
20870449-4;CONSTANZA LOPEZ ROJAS;1043779.04;BANCO SANTANDER;364312058510;REF-2026-000121
8367677-9;CATALINA MUNOZ ARAYA;1914334.58;BANCO CHILE;158721695267;REF-2026-000122
18756599-5;FRANCISCA GONZALEZ TORRES;1643977.33;BANCO FALABELLA;763886090135;REF-2026-000123
18337327-7;CAMILA MORALES FLORES;801937.40;ITAU;597452343376;REF-2026-000124
25718501-K;CAMILA SILVA SEPULVEDA;abc;BCI;102991584928;REF-2026-000125
19561666-3;PEDRO MUNOZ HERNANDEZ;353892.88;SCOTIABANK;034944947897;REF-2026-000126
6543200-5;JAVIERA SOTO SEPULVEDA;756752.47;BANCO SECURITY;267913189856;REF-2026-000127
22822984-9;SEBASTIAN ESPINOZA DIAZ;361481.22;BANCO ESTADO;957100486993;REF-2026-000128
17836056-6;JORGE SILVA TORRES;1919341.74;BANCO SANTANDER;508803382689;REF-2026-000129
13522065-5;CATALINA MARTINEZ PEREZ;1890147.59;SCOTIABANK;600910770735;REF-2026-000130
10300782-8;CAMILA HERNANDEZ RODRIGUEZ;1237227.38;BANCO SECURITY;278842780911;REF-2026-000131
20328866-2;MATIAS CONTRERAS LOPEZ;1794574.61;BANCO ESTADO;418630618448;REF-2026-000132
24190541-1;CRISTOBAL ESPINOZA SEPULVEDA;1471494.37;BANCO CHILE;915733306314;REF-2026-000133
18281036-3;ANTONIA PEREZ ESPINOZA;1819177.87;BANCO CHILE;670631000910;REF-2026-000134
21667401-4;MATIAS SILVA VALDES;1686773.45;BCI;209892683171;REF-2026-000135
25833650-K;ANTONIA ROJAS MUNOZ;1899574.80;BANCO CHILE;865615283104;REF-2026-000136
19791571-4;JUAN ESPINOZA RODRIGUEZ;1540869.16;BANCO ESTADO;327029368922;REF-2026-000137
15962874-4;SEBASTIAN DIAZ CONTRERAS;282159.69;BANCO FALABELLA;553035807486;REF-2026-000138
14144500-6;DIEGO MARTINEZ TORRES;1696328.37;BANCO FALABELLA;129008204060;REF-2026-000139
20714593-9;CAMILA ROJAS SILVA;1808845.86;BANCO SECURITY;932867327856;REF-2026-000140
23700308-K;CRISTOBAL GONZALEZ LOPEZ;34189.33;BANCO ESTADO;406680216951;REF-2026-000141
13796677-8;ISIDORA LOPEZ RODRIGUEZ;232218.86;BCI;028794781513;REF-2026-000142
25788543-7;TOMAS MORALES VALDES;469240.82;BANCO ESTADO;905672171224;REF-2026-000143
20578233-8;MATIAS FUENTES MUNOZ;298133.05;BANCO CHILE;127669858209;REF-2026-000144
8261222-K;FELIPE FLORES ROJAS;820049.58;BANCO FALABELLA;768695941207;REF-2026-000145
23125852-3;SEBASTIAN ESPINOZA ROJAS;1861847.53;BANCO ESTADO;541451596522;REF-2026-000146
25657860-3;SEBASTIAN MARTINEZ SOTO;1452623.47;BCI;488235620303;REF-2026-000147
12922625-0;CRISTOBAL MUNOZ RODRIGUEZ;1146827.82;BANCO FALABELLA;435051757557;REF-2026-000148
14257045-9;VALENTINA MUNOZ HERNANDEZ;197253.84;BCI;703835768946;REF-2026-000149
25036893-3;MARIA SOTO MORALES;515800.16;BCI;911827745104;REF-2026-000150
23596127-K;VALENTINA ESPINOZA CONTRERAS;1710095.29;BANCO FALABELLA;163239677678;REF-2026-000151
24997825-6;MARIA MARTINEZ ROJAS;277613.69;SCOTIABANK;193408151781;REF-2026-000152
5865038-2;FRANCISCA PEREZ RODRIGUEZ;abc;BCI;355716422315;REF-2026-000153
5529525-5;DIEGO MARTINEZ SOTO;270831.94;BANCO SECURITY;127813571724;REF-2026-000154
7132653-5;NICOLAS HERNANDEZ RODRIGUEZ;1081338.75;BANCO ESTADO;552697162395;REF-2026-000155
12433976-6;JORGE SOTO ARAYA;637564.58;BANCO CHILE;930770147567;REF-2026-000156
18476038-K;SEBASTIAN MUNOZ TORRES;1499013.56;BANCO ESTADO;090761667273;REF-2026-000157
15808279-9;JORGE ROJAS GONZALEZ;269642.35;BANCO FALABELLA;583386363435;REF-2026-000158
14895126-8;CATALINA ARAYA VALDES;907193.12;BANCO ESTADO;721922255341;REF-2026-000159
23499740-8;VALENTINA FUENTES HERNANDEZ;1867461.29;BANCO SECURITY;908693799652;REF-2026-000160
20216898-1;CONSTANZA FUENTES MUNOZ;660461.54;BANCO FALABELLA;283029490777;REF-2026-000161
17559458-2;FRANCISCA TORRES GONZALEZ;196312.10;BANCO ESTADO;105934110625;REF-2026-000162
17503953-8;FRANCISCA FLORES SOTO;1234906.71;BANCO FALABELLA;137021671257;REF-2026-000163
18784450-9;CRISTOBAL FUENTES SOTO;608202.76;SCOTIABANK;114179458577;REF-2026-000164
24391727-1;FERNANDA CONTRERAS ROJAS;1382275.61;BCI;120603134767;REF-2026-000165
16747876-K;TOMAS RODRIGUEZ MUNOZ;1604299.35;BCI;472618424652;REF-2026-000166
23822885-9;JORGE VALDES FLORES;60058.77;SCOTIABANK;198692848598;REF-2026-000167
14169432-4;MATIAS MORALES RODRIGUEZ;17804.23;BANCO SANTANDER;724986836311;REF-2026-000168
18448091-3;CAMILA ROJAS PEREZ;197429.95;BCI;462177243339;REF-2026-000169
20221826-1;JAVIERA DIAZ RODRIGUEZ;51827260.00;BANCO FALABELLA;656272824750;REF-2026-000170
7850685-7;JUAN ROJAS DIAZ;1587166.79;BANCO CHILE;089794019516;REF-2026-000171
14130256-6;CATALINA FUENTES TORRES;1278130.56;BANCO SECURITY;238396443949;REF-2026-000172
22191489-9;PEDRO RODRIGUEZ FUENTES;237552.36;ITAU;733407605075;REF-2026-000173
15348837-1;JUAN SILVA LOPEZ;90440035.00;BANCO CHILE;224371315180;REF-2026-000174
15113955-8;VALENTINA ROJAS MARTINEZ;612014.41;BANCO ESTADO;546494046286;REF-2026-000175
19450384-9;DIEGO ROJAS LOPEZ;1121906.90;BCI;617328933739;REF-2026-000176
16883878-6;CAMILA LOPEZ SOTO;919818.02;ITAU;086560741164;REF-2026-000177
15504571-K;ISIDORA FUENTES ESPINOZA;853136.90;BANCO SECURITY;126797509938;REF-2026-000178
18590629-9;MARIA MORALES DIAZ;1685494.79;ITAU;760487768166;REF-2026-000179
17141761-9;CAMILA FUENTES MUNOZ;515271.55;BANCO SECURITY;089149747921;REF-2026-000180
18279726-K;MATIAS MORALES SILVA;703495.99;BANCO SANTANDER;559673795404;REF-2026-000181
8826099-6;FERNANDA ARAYA CONTRERAS;1904857.99;BANCO FALABELLA;801371878921;REF-2026-000182
9955648-K;FELIPE MUNOZ ROJAS;541804.25;BANCO SANTANDER;171091008492;REF-2026-000183
7528436-5;DIEGO TORRES HERNANDEZ;1587187.72;ITAU;623263658623;REF-2026-000184
25955473-K;JAVIERA MORALES ROJAS;927249.08;ITAU;694389003818;REF-2026-000185
15160967-8;ANTONIA ESPINOZA SOTO;743076.64;BANCO ESTADO;509139332488;REF-2026-000186
20163713-9;JUAN SOTO RODRIGUEZ;1749194.36;BANCO ESTADO;952956593813;REF-2026-000187
8029847-1;JORGE VALDES ARAYA;811318.59;BANCO CHILE;999364004203;REF-2026-000188
24181615-K;VALENTINA MORALES VALDES;1002466.64;BANCO SANTANDER;069537895666;REF-2026-000189
20117047-8;PEDRO MORALES GONZALEZ;1063115.82;BANCO SANTANDER;271751053808;REF-2026-000190
19688730-K;CATALINA ARAYA ARAYA;1283854.20;BANCO FALABELLA;427416780991;REF-2026-000191
18716024-3;JAVIERA VALDES SOTO;1660128.80;BANCO FALABELLA;362060342132;REF-2026-000192
8171093-7;TOMAS LOPEZ SEPULVEDA;533473.92;BANCO SANTANDER;088331124984;REF-2026-000193
24553493-0;FRANCISCA RODRIGUEZ SEPULVEDA;1380846.89;BANCO SECURITY;654388872137;REF-2026-000194
7842698-5;MATIAS FLORES LOPEZ;1354503.42;BANCO SANTANDER;772677274007;REF-2026-000195
22662829-0;CAMILA FUENTES ARAYA;763808.02;BANCO FALABELLA;199895065308;REF-2026-000196
12187113-0;JAVIERA TORRES CONTRERAS;480095.17;BANCO SANTANDER;323453968724;REF-2026-000197
8393720-3;FERNANDA FLORES ARAYA;84162.84;BANCO FALABELLA;846577668293;REF-2026-000198
25737694-K;FRANCISCA VALDES LOPEZ;328491.20;BANCO SANTANDER;764779811221;REF-2026-000199
25962811-3;DIEGO HERNANDEZ SOTO;866632.46;BCI;490495655793;REF-2026-000200
25488182-1;MATIAS HERNANDEZ SILVA;1124902.30;SCOTIABANK;894205436233;REF-2026-000201
20737552-7;VALENTINA RODRIGUEZ ESPINOZA;928999.59;SCOTIABANK;420953844996;REF-2026-000202
21874748-5;FERNANDA FUENTES DIAZ;1718145.25;BANCO SANTANDER;279627421655;REF-2026-000203
6750863-7;NICOLAS RODRIGUEZ FLORES;1964355.13;BANCO ESTADO;092418649552;REF-2026-000204
10379189-8;ANTONIA HERNANDEZ ARAYA;314012.55;BANCO ESTADO;899601810842;REF-2026-000205
20137343-3;CRISTOBAL PEREZ FUENTES;116687.50;BANCO FALABELLA;422919454119;REF-2026-000206
7738224-0;CRISTOBAL SILVA PEREZ;673330.12;BANCO FALABELLA;163312743925;REF-2026-000207
9617076-9;JUAN SEPULVEDA TORRES;1464768.17;ITAU;677236594141;REF-2026-000208
5176200-2;CAMILA PEREZ MARTINEZ;457260.19;BANCO SECURITY;851881068534;REF-2026-000209
14667084-9;FELIPE SEPULVEDA MUNOZ;105137.30;BANCO SECURITY;875622637873;REF-2026-000210
25898054-9;CATALINA GONZALEZ MUNOZ;1759661.63;BANCO CHILE;566354941578;REF-2026-000211
24295390-8;FELIPE ROJAS SEPULVEDA;905179.00;BANCO FALABELLA;629098440767;REF-2026-000212
18977689-6;DIEGO GONZALEZ ARAYA;761240.08;BANCO CHILE;960454693021;REF-2026-000213
20775115-0;CONSTANZA RODRIGUEZ MARTINEZ;1572236.02;BANCO FALABELLA;077401111736;REF-2026-000214
16569651-4;FELIPE MUNOZ ESPINOZA;1546798.96;BANCO FALABELLA;048817630111;REF-2026-000215
16821194-5;TOMAS MORALES DIAZ;1746440.99;ITAU;769716765015;REF-2026-000216
21056841-7;DIEGO ROJAS GONZALEZ;1506655.99;ITAU;323281391379;REF-2026-000217
11764271-2;JUAN CONTRERAS SOTO;666852.39;BANCO SECURITY;898601447225;REF-2026-000218
23221086-9;NICOLAS MARTINEZ SOTO;1584765.82;BCI;393070860877;REF-2026-000219
6604037-2;JAVIERA MARTINEZ MUNOZ;1681342.47;BANCO SECURITY;442906979680;REF-2026-000220
19755112-7;CONSTANZA MORALES DIAZ;1045613.88;ITAU;571360021335;REF-2026-000221
13949661-2;CAMILA FUENTES GONZALEZ;908048.77;BANCO SANTANDER;325465341900;REF-2026-000222
15778067-0;PEDRO GONZALEZ MORALES;1391048.37;SCOTIABANK;664340157198;REF-2026-000223
19298082-8;DIEGO HERNANDEZ RODRIGUEZ;942698.05;BANCO FALABELLA;303515765955;REF-2026-000224
6924617-6;CAMILA LOPEZ RODRIGUEZ;1081019.95;BANCO SANTANDER;035156970372;REF-2026-000225
9790883-4;JORGE HERNANDEZ SOTO;269723.08;BCI;713013301904;REF-2026-000226
17291943-K;CRISTOBAL LOPEZ ESPINOZA;72916.77;BANCO SANTANDER;497837788361;REF-2026-000227
17447503-2;CRISTOBAL HERNANDEZ GONZALEZ;1208601.17;BANCO FALABELLA;346306926900;REF-2026-000228
14351276-2;FELIPE MUNOZ PEREZ;1547822.23;ITAU;428425461312;REF-2026-000229
23846608-3;PEDRO MARTINEZ MARTINEZ;1481474.57;BCI;675294253754;REF-2026-000230
14582369-8;VALENTINA MUNOZ ROJAS;1793506.09;ITAU;989584031500;REF-2026-000231
19935453-1;CAMILA MORALES RODRIGUEZ;1493014.08;SCOTIABANK;331245754935;REF-2026-000232
10284999-K;DIEGO RODRIGUEZ ARAYA;475268.15;BCI;154725751531;REF-2026-000233
12943548-8;;1662532.63;BANCO CHILE;608140427507;REF-2026-000234
24202443-5;CRISTOBAL HERNANDEZ FLORES;277149.78;BANCO ESTADO;340584802361;REF-2026-000235
18360031-1;NICOLAS ARAYA FUENTES;1618054.52;BANCO ESTADO;;REF-2026-000236
9205268-0;JAVIERA GONZALEZ HERNANDEZ;981923.87;BANCO FALABELLA;963623867250;REF-2026-000237
23498673-2;ISIDORA DIAZ ROJAS;912266.64;BANCO CHILE;137714782517;REF-2026-000238
22384622-K;FRANCISCA SEPULVEDA DIAZ;344669.41;BCI;;REF-2026-000239
16610607-9;FERNANDA SEPULVEDA GONZALEZ;530557.25;SCOTIABANK;688732369667;REF-2026-000240
15161107-9;JORGE FLORES GONZALEZ;1058972.82;BANCO SANTANDER;170997582302;REF-2026-000241
10744539-0;JORGE VALDES MORALES;1771913.72;BANCO CHILE;953732135176;REF-2026-000242
5952056-3;CAMILA SOTO ESPINOZA;560023.83;BCI;631359289027;REF-2026-000243
18978332-9;JORGE PEREZ TORRES;1869361.80;SCOTIABANK;530578461757;REF-2026-000244
13216739-7;CONSTANZA SEPULVEDA HERNANDEZ;158035.88;BANCO CHILE;482715287513;REF-2026-000245
18945951-3;NICOLAS HERNANDEZ CONTRERAS;718435.77;BANCO SANTANDER;947235336719;REF-2026-000246
15714480-4;CRISTOBAL LOPEZ ROJAS;1600230.47;BANCO ESTADO;264363597372;REF-2026-000247
20652222-4;PEDRO MARTINEZ HERNANDEZ;524923.18;BANCO ESTADO;319044927983;REF-2026-000248
25648640-7;SEBASTIAN SILVA DIAZ;N/A;BANCO FALABELLA;636370624829;REF-2026-000249
15492971-1;VALENTINA DIAZ TORRES;1084456.59;ITAU;339783050311;REF-2026-000250
21688977-0;MARIA GONZALEZ LOPEZ;1064993.58;BCI;641874165350;REF-2026-000251
16841194-4;JUAN SOTO SEPULVEDA;1042868.76;ITAU;590637799519;REF-2026-000252
5274388-5;PEDRO FUENTES ROJAS;1855643.33;BANCO FALABELLA;446662371308;REF-2026-000253
17278820-3;JUAN LOPEZ SOTO;1200967.71;BCI;608147416489;REF-2026-000254
14683866-9;CAMILA LOPEZ ARAYA;949461.97;SCOTIABANK;751001111711;REF-2026-000255
25503205-4;PEDRO ROJAS MUNOZ;831075.47;BANCO FALABELLA;831498955541;REF-2026-000256
9840809-6;VALENTINA VALDES ARAYA;846769.64;BANCO CHILE;039849282100;REF-2026-000257
9598177-1;JAVIERA TORRES ARAYA;963374.19;BANCO SANTANDER;351525458521;REF-2026-000258
10452663-2;CONSTANZA VALDES SEPULVEDA;1250130.43;ITAU;622519304910;REF-2026-000259
15059302-6;NICOLAS PEREZ RODRIGUEZ;699659.86;BANCO ESTADO;460475163381;REF-2026-000260
24585793-4;MATIAS PEREZ VALDES;1000287.33
24410377-4;ISIDORA SILVA SOTO;1228737.61;BANCO SANTANDER;694741295384;REF-2026-000262
25794882-K;CONSTANZA ROJAS SILVA;71208.73;BANCO ESTADO;018999281655;REF-2026-000263
19798798-7;JAVIERA FUENTES ROJAS;871040.88;BCI;552518371426;REF-2026-000264
25517798-2;NICOLAS SOTO ROJAS;1092757.26;BANCO FALABELLA;731136378095;REF-2026-000265
21051466-K;FERNANDA LOPEZ MORALES;368189.58;BANCO FALABELLA;389893282253;REF-2026-000266
13870522-6;JORGE TORRES CONTRERAS;521988.35;SCOTIABANK;848386802116;REF-2026-000267
14697369-8;VALENTINA TORRES MORALES;1011220.44;SCOTIABANK;135380032135;REF-2026-000268
24242688-6;TOMAS LOPEZ LOPEZ;1721261.44;BANCO SANTANDER;045197157631;REF-2026-000269
14651272-0;CAMILA RODRIGUEZ HERNANDEZ;1380673.32;ITAU;220962398458;REF-2026-000270
23071676-5;ANTONIA FLORES MARTINEZ;292882.13;BCI;053580956926;REF-2026-000271
22818795-K;FELIPE SILVA SOTO;215130.52;BANCO FALABELLA;519477104921;REF-2026-000272
8373727-1;FRANCISCA PEREZ FLORES;1953463.20;BANCO SECURITY;966855026307;REF-2026-000273
20961831-1;NICOLAS CONTRERAS SEPULVEDA;678537.36;BANCO CHILE;846713149539;REF-2026-000274
8001803-7;ISIDORA SILVA FLORES;1554137.92;BANCO CHILE;457018430879;REF-2026-000275
10898490-2;JUAN LOPEZ TORRES;395723.95;SCOTIABANK;043420288918;REF-2026-000276
5310954-3;MATIAS ESPINOZA VALDES;230025.42;SCOTIABANK;600754869975;REF-2026-000277
22593210-7;NICOLAS ROJAS ARAYA;986510.34;BCI;124732913451;REF-2026-000278
16095917-7;DIEGO HERNANDEZ MARTINEZ;1512009.23;BANCO CHILE;373530937217;REF-2026-000279
14899371-8;ISIDORA CONTRERAS DIAZ;1286264.81;BANCO SECURITY;472703329527;REF-2026-000280
22289949-4;JAVIERA GONZALEZ LOPEZ;1408531.12;BANCO SANTANDER;155540161162;REF-2026-000281
21020701-5;JAVIERA SILVA PEREZ;551906.49;BCI;827552435289;REF-2026-000282
13958842-8;JAVIERA SEPULVEDA ESPINOZA;1520994.73;BANCO CHILE;719382900665;REF-2026-000283
17064566-9;FELIPE SOTO MUNOZ;981004.39;BANCO SANTANDER;754360527876;REF-2026-000284
21861788-3;MATIAS MUNOZ SEPULVEDA;775795.78;BCI;525559683664;REF-2026-000285
10140054-9;CATALINA VALDES RODRIGUEZ;877091.89;ITAU;592663315274;REF-2026-000286
12328677-4;FELIPE VALDES GONZALEZ;1107067.57;BANCO FALABELLA;123682170508;REF-2026-000287
7072256-9;TOMAS ARAYA CONTRERAS;1206042.68;BANCO SANTANDER;358188967265;REF-2026-000288
22459764-9;CATALINA MUNOZ CONTRERAS;1508485.74;ITAU;989233069447;REF-2026-000289
22125355-8;CATALINA SOTO HERNANDEZ;281707.65;BANCO SECURITY;621437225134;REF-2026-000290
6937324-0;TOMAS HERNANDEZ SEPULVEDA;1521828.02;BANCO SECURITY;899741050292;REF-2026-000291
5101182-1;;1569065.27;BANCO ESTADO;465050986189;REF-2026-000292
16560470-9;CAMILA FLORES SOTO;1964962.08;ITAU;314668912860;REF-2026-000293
18719297-8;DIEGO ROJAS FUENTES;790301.48;ITAU;417211396374;REF-2026-000294
17604572-1;TOMAS ROJAS RODRIGUEZ;253791.22;BANCO SECURITY;140710314903;REF-2026-000295
12472243-8;MARIA PEREZ SEPULVEDA;975989.86;BANCO SECURITY;419896465182;REF-2026-000296
12706247-1;FELIPE HERNANDEZ RODRIGUEZ;330313.35;BCI;967098821122;REF-2026-000297
8786437-5;JUAN FUENTES VALDES;1611530.02;BCI;074899557866;REF-2026-000298
8385531-2;JORGE SOTO HERNANDEZ;1258645.86;BANCO CHILE;813799944114;REF-2026-000299
6484338-9;CONSTANZA HERNANDEZ SILVA;1136958.27;BANCO CHILE;551357691607;REF-2026-000300
14706070-K;FELIPE ESPINOZA MORALES;1216052.76;BANCO FALABELLA;332729976873;REF-2026-000301
9807022-2;FERNANDA SILVA FUENTES;635196.35;BANCO CHILE;969908832528;REF-2026-000302
10876494-5;SEBASTIAN FLORES TORRES;103323.44;BANCO SECURITY;579900622716;REF-2026-000303
15694953-1;SEBASTIAN FUENTES ROJAS;633911.48;BANCO SANTANDER;592650712027;REF-2026-000304
20888655-K;FELIPE SILVA SEPULVEDA;1803394.90;BANCO SANTANDER;511266923198;REF-2026-000305
6933538-1;TOMAS FUENTES FUENTES;1173715.67;BANCO SANTANDER;268956219484;REF-2026-000306
13556234-3;VALENTINA MORALES GONZALEZ;1939048.57;BANCO FALABELLA;589807649379;REF-2026-000307
11391502-1;JUAN MARTINEZ LOPEZ;1417792.77;BANCO CHILE;082061582626;REF-2026-000308
11313712-6;ISIDORA FLORES CONTRERAS;1010362.26;BANCO FALABELLA;017789002083;REF-2026-000309
12107089-8;VALENTINA MUNOZ TORRES;1922722.31;BCI;607618307372;REF-2026-000310
15791608-4;MATIAS LOPEZ HERNANDEZ;1124145.83;BANCO FALABELLA;285792505165;REF-2026-000311
17067670-K;FERNANDA TORRES HERNANDEZ;211796.92;ITAU;923394172840;REF-2026-000312
15745245-2;VALENTINA RODRIGUEZ MORALES;873074.05;BCI;163097444683;REF-2026-000313
5544249-5;ANTONIA FLORES ESPINOZA;1219550.92;BANCO SECURITY;169771565771;REF-2026-000314
11583103-8;JAVIERA SILVA LOPEZ;1199935.31;ITAU;720624530104;REF-2026-000315
16326777-2;ANTONIA TORRES TORRES;971428.21;BANCO FALABELLA;152050846074;REF-2026-000316
23339051-8;NICOLAS DIAZ FLORES;1350971.07;BANCO CHILE;932316707669;REF-2026-000317
7494114-1;JUAN PEREZ FUENTES;293340.80;BCI;778681000654;REF-2026-000318
10067714-8;MARIA CONTRERAS ARAYA;961321.47;BANCO CHILE;703733251364;REF-2026-000319
25686956-K;NICOLAS TORRES PEREZ;18867.68;BANCO SECURITY;018230768734;REF-2026-000320
22764308-0;ANTONIA FLORES SEPULVEDA;40950.64;BANCO SECURITY;198180975168;REF-2026-000321
8590875-8;PEDRO ARAYA ROJAS;510348.24;SCOTIABANK;391048375787;REF-2026-000322
13969929-7;CONSTANZA GONZALEZ RODRIGUEZ;856501.58;BCI;769757197171;REF-2026-000323
12578511-5;MATIAS GONZALEZ SOTO;201084.51;BANCO SECURITY;608210319708;REF-2026-000324
20972080-9;JUAN PEREZ DIAZ;178405.63;BANCO SECURITY;862763314712;REF-2026-000325
16115597-7;ISIDORA MUNOZ ARAYA;1932601.05;BCI;989750507408;REF-2026-000326
24018120-7;NICOLAS MARTINEZ SOTO;1943102.09;SCOTIABANK;601862968276;REF-2026-000327
23908253-K;JUAN DIAZ MORALES;37837.26;BANCO SANTANDER;906174040496;REF-2026-000328
18364596-K;CAMILA SEPULVEDA DIAZ;1187706.30;BANCO SECURITY;987455353821;REF-2026-000329
23138265-8;JAVIERA LOPEZ ROJAS;1662794.88;BANCO ESTADO;819194675138;REF-2026-000330
16605119-3;JUAN MUNOZ FUENTES;491841.09;BANCO FALABELLA;845412769960;REF-2026-000331
25597899-3;JORGE LOPEZ MORALES;67129.81;SCOTIABANK;539806010341;REF-2026-000332
12655054-5;CRISTOBAL FLORES LOPEZ;910650.23;BANCO SECURITY;847476610740;REF-2026-000333
25757304-4;MATIAS SILVA GONZALEZ;177046.34;BANCO SANTANDER;784316135403;REF-2026-000334
10176673-K;CONSTANZA MORALES RODRIGUEZ;228453.11;BANCO CHILE;340057432441;REF-2026-000335
19922859-5;CRISTOBAL MARTINEZ MUNOZ;282887.11;BANCO SANTANDER;492477314669;REF-2026-000336
23689316-2;TOMAS ARAYA FUENTES;221620.03;BANCO ESTADO;608110439018;REF-2026-000337
8122718-7;JORGE VALDES MORALES;1816348.49;BANCO CHILE;453225040924;REF-2026-000338
18012393-8;CAMILA FLORES SILVA;1204487.66;BANCO SANTANDER;420555237488;REF-2026-000339
10687534-0;FRANCISCA MARTINEZ SEPULVEDA;567889.63;BANCO SANTANDER;181660356787;REF-2026-000340
19585315-0;ANTONIA FUENTES SEPULVEDA;1020506.09;BANCO FALABELLA;792333078722;REF-2026-000341
25972650-6;NICOLAS VALDES VALDES;415094.58;BANCO ESTADO;332294404895;REF-2026-000342
5227075-8;CONSTANZA MORALES VALDES;801686.42;ITAU;474884083684;REF-2026-000343
24944516-9;FRANCISCA SEPULVEDA MORALES;1270025.88;BCI;346654714857;REF-2026-000344
10960517-4;CONSTANZA MORALES SEPULVEDA;1546143.88;ITAU;636516703300;REF-2026-000345
13134409-0;JAVIERA LOPEZ MARTINEZ;1717313.50;BANCO FALABELLA;222465051615;REF-2026-000346
24871841-2;TOMAS DIAZ FLORES;61447.93;ITAU;782439126991;REF-2026-000347
12034632-6;CATALINA SEPULVEDA GONZALEZ;1722495.52;ITAU;697382471712;REF-2026-000348
15161377-2;FELIPE MARTINEZ ROJAS;1504959.54;BANCO SECURITY;490943949569;REF-2026-000349
25063330-0;NICOLAS ESPINOZA LOPEZ;1125649.64;BANCO SECURITY;041989644042;REF-2026-000350
17063807-7;TOMAS VALDES GONZALEZ;234364.98;BCI;733968817887;REF-2026-000351
16912119-2;DIEGO VALDES SOTO;1186158.82;BANCO SECURITY;829786143023;REF-2026-000352
16126538-1;SEBASTIAN MUNOZ PEREZ;211792.33;BCI;823532091268;REF-2026-000353
22407964-8;TOMAS ESPINOZA ESPINOZA;468537.57;BANCO FALABELLA;509486049382;REF-2026-000354
24749801-K;FERNANDA ROJAS RODRIGUEZ;56511.61
8508094-6;MATIAS FUENTES GONZALEZ;248415.93;BANCO SANTANDER;341798476551;REF-2026-000356
16511407-8;CATALINA CONTRERAS ARAYA;1017769.44;ITAU;482455624889;REF-2026-000357
20181608-4;JAVIERA GONZALEZ SEPULVEDA;98707.90;BANCO ESTADO;933104905547;REF-2026-000358
16511785-9;PEDRO DIAZ SILVA;1087117.22;BANCO SANTANDER;;REF-2026-000359
16106169-7;TOMAS FUENTES HERNANDEZ;491236.51;BANCO SANTANDER;701880194987;REF-2026-000360
19500026-3;CONSTANZA PEREZ VALDES;1856989.25;ITAU;471694928465;REF-2026-000361
18047163-4;MARIA CONTRERAS CONTRERAS;588731.96;BANCO ESTADO;115148840081;REF-2026-000362
23015005-2;DIEGO RODRIGUEZ MORALES;418294.58;BANCO ESTADO;736566206848;REF-2026-000363
21424356-3;FERNANDA MORALES VALDES;820035.78;BANCO SECURITY;128075217636;REF-2026-000364
16674413-K;CRISTOBAL HERNANDEZ VALDES;366816.86;SCOTIABANK;679255577102;REF-2026-000365
24802764-9;CAMILA ROJAS MORALES;252173.30;SCOTIABANK;199070787352;REF-2026-000366
17526073-0;FRANCISCA ARAYA LOPEZ;882110.76;BANCO SANTANDER;424375568165;REF-2026-000367
19194826-2;DIEGO TORRES FLORES;1459234.82;BANCO SANTANDER;183771957811;REF-2026-000368
21429660-8;MATIAS ROJAS DIAZ;664722.57;BANCO CHILE;395559413628;REF-2026-000369
5321566-1;NICOLAS ROJAS CONTRERAS;1714631.49;ITAU;754376495451;REF-2026-000370
21499582-4;SEBASTIAN HERNANDEZ TORRES;355755.10;BANCO CHILE;837641937792;REF-2026-000371
12399742-5;MATIAS SOTO MARTINEZ;476530.68;SCOTIABANK;856420943940;REF-2026-000372
20345159-8;ISIDORA TORRES FLORES;1076237.14;BANCO ESTADO;852554098697;REF-2026-000373
23223619-1;CRISTOBAL FLORES SOTO;1598844.92;ITAU;239569770723;REF-2026-000374
19265824-1;PEDRO SILVA SEPULVEDA;1839609.04;ITAU;384380872138;REF-2026-000375
7918665-1;CATALINA MUNOZ SILVA;445146.94;BANCO FALABELLA;782087256575;REF-2026-000376
25476988-6;SEBASTIAN DIAZ VALDES;296996.26;BCI;068883850039;REF-2026-000377
24128520-0;CRISTOBAL FLORES MARTINEZ;1256701.68;BANCO SANTANDER;321851467786;REF-2026-000378
14708412-9;ISIDORA MARTINEZ ARAYA;1892762.86;BANCO ESTADO;867510056283;REF-2026-000379
18810877-6;JUAN MARTINEZ ROJAS;1475998.16;BCI;783312158683;REF-2026-000380
15807772-8;FELIPE LOPEZ TORRES;303155.73;SCOTIABANK;458962968917;REF-2026-000381
17588694-K;CATALINA GONZALEZ GONZALEZ;849839.65;SCOTIABANK;408494975195;REF-2026-000382
20257054-2;NICOLAS MORALES ESPINOZA;10186.99;BANCO ESTADO;698753726506;REF-2026-000383
17019960-K;CAMILA FLORES LOPEZ;461822.54;BCI;295182560647;REF-2026-000384
15833556-5;MATIAS MORALES FLORES;1217014.16;ITAU;378047893181;REF-2026-000385
6624345-1;JUAN MUNOZ HERNANDEZ;39144.15;BANCO SANTANDER;501111515066;REF-2026-000386
5022680-8;SEBASTIAN CONTRERAS ROJAS;1854997.83;SCOTIABANK;959460509985;REF-2026-000387
14194567-K;CAMILA RODRIGUEZ MARTINEZ;177848.47;BANCO SANTANDER;435014121543;REF-2026-000388
25991796-4;MATIAS SILVA FUENTES;1379652.11;BANCO ESTADO;232932899641;REF-2026-000389
20998978-6;CAMILA ROJAS ESPINOZA;479356.66;ITAU;009629821731;REF-2026-000390
16528435-6;PEDRO FUENTES ROJAS;1006810.09;BCI;097134553334;REF-2026-000391
8436885-7;PEDRO MORALES RODRIGUEZ;1852567.38;BANCO SANTANDER;853047299002;REF-2026-000392
9467646-0;FRANCISCA GONZALEZ ARAYA;1186307.01;BANCO SANTANDER;385142301965;REF-2026-000393
12148954-6;FRANCISCA FUENTES VALDES;1444833.56;BCI;984919833030;REF-2026-000394
8371049-7;FRANCISCA MUNOZ ESPINOZA;1535940.49;BANCO FALABELLA;473288556961;REF-2026-000395
15552991-1;FRANCISCA SILVA MARTINEZ;1356867.10;BCI;660506816723;REF-2026-000396
25132923-0;JORGE SEPULVEDA PEREZ;1783158.84;SCOTIABANK;568818065717;REF-2026-000397
25365086-9;FERNANDA CONTRERAS LOPEZ;624796.82;BANCO CHILE;987913913003;REF-2026-000398
13030953-4;NICOLAS LOPEZ MUNOZ;510585.63;BANCO ESTADO;978226549437;REF-2026-000399
5404901-6;JAVIERA ROJAS LOPEZ;1810257.72;BANCO SECURITY;599569888727;REF-2026-000400
10797209-9;NICOLAS GONZALEZ PEREZ;1236790.08;BANCO CHILE;238349278479;REF-2026-000401
6336367-7;JUAN LOPEZ ARAYA;605808.80;BANCO SECURITY;771618387758;REF-2026-000402
18498190-4;CAMILA FLORES FLORES;1296944.19;SCOTIABANK;340661463094;REF-2026-000403
7651523-9;FERNANDA CONTRERAS ROJAS;1129891.41;BANCO SECURITY;699303430374;REF-2026-000404
7218454-8;MATIAS FUENTES SILVA;126437.31;BANCO ESTADO;481712615820;REF-2026-000405
8891863-0;CATALINA VALDES VALDES;120403.39;BANCO SANTANDER;014397905703;REF-2026-000406
9604063-6;MARIA DIAZ TORRES;732093.66;SCOTIABANK;409738993541;REF-2026-000407
9259084-4;ANTONIA MUNOZ PEREZ;707569.54;SCOTIABANK;071969413467;REF-2026-000408
13823126-7;ISIDORA GONZALEZ TORRES;959618.65;BANCO FALABELLA;546698955756;REF-2026-000409
24021542-K;DIEGO RODRIGUEZ DIAZ;540017.98;BANCO ESTADO;631906078844;REF-2026-000410
8869953-K;FELIPE ARAYA PEREZ;97354.01;BCI;516593564679;REF-2026-000411
17213024-0;CONSTANZA ROJAS DIAZ;1957784.04;BANCO SECURITY;354151604213;REF-2026-000412
13330330-8;SEBASTIAN MORALES MARTINEZ;1737241.09;BANCO FALABELLA;551268636982;REF-2026-000413
6767384-0;DIEGO SILVA ARAYA;101319.51;BANCO ESTADO;515867756918;REF-2026-000414
14472646-4;MATIAS MORALES GONZALEZ;1164916.58;BANCO CHILE;221627828682;REF-2026-000415
14784307-0;ISIDORA SEPULVEDA VALDES;513735.59;BANCO FALABELLA;854721873297;REF-2026-000416
11557288-1;TOMAS SILVA ROJAS;18375.52;BANCO CHILE;594706204534;REF-2026-000417
16624050-6;MARIA MORALES PEREZ;1596589.84;BANCO SECURITY;812100304578;REF-2026-000418
15318344-9;PEDRO CONTRERAS ARAYA;504473.53;ITAU;069552767851;REF-2026-000419
9777261-4;ANTONIA GONZALEZ SOTO;1937052.29;BANCO SECURITY;987557625325;REF-2026-000420
17498756-4;CATALINA GONZALEZ ESPINOZA;205439.64;BANCO SANTANDER;901384985366;REF-2026-000421
18232233-4;CAMILA ESPINOZA ESPINOZA;135616.55;BANCO SANTANDER;319844506762;REF-2026-000422
13757402-0;JAVIERA LOPEZ MORALES;672015.57;SCOTIABANK;083607731203;REF-2026-000423
11801907-5;FRANCISCA ESPINOZA MUNOZ;330919.13;BANCO SANTANDER;514031982692;REF-2026-000424
15537208-7;SEBASTIAN MUNOZ FLORES;756383.98;BCI;337948418166;REF-2026-000425
20547331-9;ANTONIA MUNOZ GONZALEZ;335543.87;SCOTIABANK;777643417060;REF-2026-000426
25243472-0;JUAN CONTRERAS MORALES;316057.11;BCI;396001270301;REF-2026-000427
18295757-7;FERNANDA SOTO SEPULVEDA;550609.22;BANCO CHILE;447470855281;REF-2026-000428
20173353-7;TOMAS FLORES SILVA;203653.59;BANCO ESTADO;876331071338;REF-2026-000429
9690676-5;PEDRO PEREZ SOTO;1746416.99;BCI;216309782487;REF-2026-000430
18441295-0;CRISTOBAL GONZALEZ ESPINOZA;1234180.33;BANCO ESTADO;216025270085;REF-2026-000431
19879086-9;FRANCISCA GONZALEZ MORALES;261959.05;ITAU;185901080997;REF-2026-000432
24256358-1;SEBASTIAN LOPEZ TORRES;66828.48;BANCO SECURITY;388289257954;REF-2026-000433
12204676-1;DIEGO MARTINEZ MARTINEZ;940353.19;BANCO CHILE;682242400417;REF-2026-000434
25702318-4;FELIPE SEPULVEDA TORRES;869010.70;ITAU;095751183616;REF-2026-000435
14387724-8;CONSTANZA ROJAS FUENTES;423293.82;BCI;601445739812;REF-2026-000436
5655317-7;CONSTANZA RODRIGUEZ TORRES;1146936.62;BANCO FALABELLA;623395208552;REF-2026-000437
21857520-K;JAVIERA LOPEZ MARTINEZ;382101.03;BANCO FALABELLA;244082763787;REF-2026-000438
5983260-3;ANTONIA SOTO TORRES;1115299.45;BCI;176981903509;REF-2026-000439
8359950-2;FELIPE SILVA MARTINEZ;1124228.94;BANCO CHILE;;REF-2026-000440
12362231-6;ISIDORA LOPEZ RODRIGUEZ;1966269.22;BANCO SANTANDER;650556041080;REF-2026-000441
15670455-5;CRISTOBAL ESPINOZA PEREZ;1480247.89;BANCO FALABELLA;627839991685;REF-2026-000442
23911495-4;;303010.72;BCI;970848288067;REF-2026-000443
21516388-1;TOMAS SEPULVEDA DIAZ;1033519.04;BANCO ESTADO;254644310111;REF-2026-000444
25188453-6;FELIPE PEREZ ARAYA;1007415.00;BANCO FALABELLA;679252199568;REF-2026-000445
11760022-K;FRANCISCA MORALES DIAZ;1931822.41;BANCO CHILE;160007905140;REF-2026-000446
24683337-0;FRANCISCA MUNOZ ARAYA;1809954.46;BANCO ESTADO;775698673457;REF-2026-000447
18273984-7;ISIDORA MUNOZ MORALES;637847.41;BANCO SANTANDER;176989981514;REF-2026-000448
19658870-1;NICOLAS MORALES DIAZ;1488070.71;BANCO FALABELLA;732103236841;REF-2026-000449
24761887-2;DIEGO LOPEZ SEPULVEDA;1544299.88;SCOTIABANK;194820485407;REF-2026-000450
5060327-K;ISIDORA LOPEZ ESPINOZA;72911.23;BANCO FALABELLA;894014059284;REF-2026-000451
25514547-9;FELIPE ESPINOZA MUNOZ;1969376.63;BANCO SANTANDER;818466143803;REF-2026-000452
7610757-2;FELIPE RODRIGUEZ MORALES;357085.81;BANCO ESTADO;781918091152;REF-2026-000453
16265882-4;CATALINA PEREZ MARTINEZ;444739.31;BANCO ESTADO;281678179372;REF-2026-000454
8625039-K;MARIA SOTO LOPEZ;924014.93;BANCO SECURITY;185550887103;REF-2026-000455
18892177-9;NICOLAS LOPEZ RODRIGUEZ;1150095.48;BANCO ESTADO;528545708974;REF-2026-000456
24396323-0;FELIPE DIAZ HERNANDEZ;159579.04;SCOTIABANK;348978585341;REF-2026-000457
13761991-1;PEDRO GONZALEZ MORALES;361736.48;BANCO SANTANDER;085748230645;REF-2026-000458
23355826-5;CAMILA MORALES VALDES;1291906.61;BANCO CHILE;184195968159;REF-2026-000459
25378197-1;SEBASTIAN DIAZ SOTO;217353.42;BCI;211343439553;REF-2026-000460
18733153-6;TOMAS FLORES MARTINEZ;1390374.36;SCOTIABANK;105099477227;REF-2026-000461
6665489-3;CONSTANZA ESPINOZA FLORES;1766302.62;BANCO SANTANDER;396371087800;REF-2026-000462
5128029-6;SEBASTIAN GONZALEZ SEPULVEDA;1732837.84;ITAU;104936811868;REF-2026-000463
5863546-4;VALENTINA DIAZ SEPULVEDA;176832.60;BANCO ESTADO;861317826944;REF-2026-000464
18336791-9;NICOLAS TORRES MARTINEZ;196127.82;BANCO SECURITY;405520984627;REF-2026-000465
17799176-7;CRISTOBAL DIAZ HERNANDEZ;98568.33;ITAU;290760217563;REF-2026-000466
12591431-4;ANTONIA ESPINOZA SOTO;321943.96;BANCO ESTADO;735807517721;REF-2026-000467
16535724-8;TOMAS FUENTES ESPINOZA;482128.70;BANCO CHILE;429812958649;REF-2026-000468
22534951-7;SEBASTIAN FLORES TORRES;1206068.30;ITAU;088182905952;REF-2026-000469
6165294-9;FERNANDA ESPINOZA ARAYA;N/A;BANCO SANTANDER;493878372682;REF-2026-000470
10800855-5;DIEGO CONTRERAS CONTRERAS;269631.05;BANCO SECURITY;480675371399;REF-2026-000471
11775286-0;FRANCISCA VALDES MARTINEZ;675563.93;BANCO ESTADO;426575542335;REF-2026-000472
23668484-9;CONSTANZA FLORES MORALES;1801471.35;ITAU;962716887405;REF-2026-000473
5414860-7;JORGE ESPINOZA ARAYA;1644313.53;BANCO ESTADO;165988773807;REF-2026-000474
9972758-6;ISIDORA ESPINOZA ESPINOZA;1595432.12;BANCO ESTADO;858115200247;REF-2026-000475
8388676-5;MATIAS FLORES RODRIGUEZ;1846076.52;SCOTIABANK;719904697611;REF-2026-000476
21293521-2;ISIDORA VALDES TORRES;83571.22;SCOTIABANK;157349582652;REF-2026-000477
25744842-8;JORGE LOPEZ SOTO;835037.42;BCI;817255489360;REF-2026-000478
20945676-1;ANTONIA RODRIGUEZ PEREZ;713556.38;SCOTIABANK;925622048337;REF-2026-000479
21496003-6;PEDRO SILVA ROJAS;635153.95;ITAU;910562536847;REF-2026-000480
15766554-5;ANTONIA FUENTES VALDES;1358826.11;BCI;234825392350;REF-2026-000481
18662370-3;NICOLAS ARAYA RODRIGUEZ;1726798.07;BANCO SANTANDER;340584239108;REF-2026-000482
22005227-3;CONSTANZA ROJAS ARAYA;1849094.72;BANCO CHILE;212199593777;REF-2026-000483
11735272-2;JUAN SILVA SOTO;962242.06;BANCO FALABELLA;218774744552;REF-2026-000484
14193159-8;CRISTOBAL HERNANDEZ ARAYA;837448.81;BANCO ESTADO;033990392682;REF-2026-000485
13118095-0;CRISTOBAL TORRES VALDES;940546.22;ITAU;609111020223;REF-2026-000486
16735994-9;CRISTOBAL DIAZ MARTINEZ;1575685.88;BANCO ESTADO;032289134744;REF-2026-000487
17970991-0;JUAN DIAZ ESPINOZA;1640422.27;BCI;248593611344;REF-2026-000488
11936740-9;ANTONIA FUENTES ARAYA;47052.99;BANCO CHILE;710237888521;REF-2026-000489
10811649-8;JORGE PEREZ SILVA;534301.77;SCOTIABANK;708421349759;REF-2026-000490
14240171-1;SEBASTIAN LOPEZ RODRIGUEZ;967588.32;BCI;333716934527;REF-2026-000491
22469708-2;JORGE LOPEZ ESPINOZA;219564.00;BANCO FALABELLA;712081043785;REF-2026-000492
24923700-0;JORGE SEPULVEDA SEPULVEDA;1440318.13;ITAU;370641365506;REF-2026-000493
14277238-8;JAVIERA MARTINEZ MARTINEZ;1380982.91;SCOTIABANK;165017757655;REF-2026-000494
22357492-0;FELIPE SOTO VALDES;852455.84;BANCO FALABELLA;154247679053;REF-2026-000495
5854137-0;NICOLAS SEPULVEDA MARTINEZ;1906931.53;BANCO SECURITY;810121479722;REF-2026-000496
6185109-7;ISIDORA ESPINOZA CONTRERAS;724673.92;BCI;588063266109;REF-2026-000497
20963024-9;CRISTOBAL ARAYA SEPULVEDA;1777972.21;BANCO SANTANDER;105341008026;REF-2026-000498
20796784-K;FRANCISCA MARTINEZ FLORES;1604955.23;BANCO FALABELLA;098300055920;REF-2026-000499
12457590-7;CRISTOBAL SILVA SEPULVEDA;886794.42;BANCO FALABELLA;642069220481;REF-2026-000500
14866718-7;CATALINA MUNOZ TORRES;117568.81;BANCO ESTADO;977985744279;REF-2026-000501
11527806-1;FERNANDA MUNOZ LOPEZ;1116151.38;BANCO SECURITY;954714934104;REF-2026-000502
10059285-1;FRANCISCA CONTRERAS MORALES;863137.72;ITAU;345212526725;REF-2026-000503
11051768-8;CAMILA TORRES MORALES;1328371.22;BANCO FALABELLA;063854694491;REF-2026-000504
5158158-K;CATALINA MARTINEZ CONTRERAS;1601338.99;BANCO SANTANDER;840993721801;REF-2026-000505
10316200-9;NICOLAS GONZALEZ ROJAS;1293657.55;BANCO SECURITY;470883997086;REF-2026-000506
21018895-9;CONSTANZA PEREZ SOTO;1124423.25;BANCO FALABELLA;017965415521;REF-2026-000507
15811678-2;FERNANDA CONTRERAS PEREZ;1424243.00;BCI;762181015201;REF-2026-000508
16554461-7;MATIAS ROJAS MUNOZ;809363.64;SCOTIABANK;070436822986;REF-2026-000509
6534053-4;MATIAS SEPULVEDA HERNANDEZ;1531374.66;BANCO FALABELLA;977820154166;REF-2026-000510
9489228-7;JAVIERA TORRES RODRIGUEZ;1578106.24;BANCO SANTANDER;894001892476;REF-2026-000511
18535577-2;MARIA SILVA SILVA;1529983.16;BCI;025627671581;REF-2026-000512
24786808-9;FERNANDA DIAZ MUNOZ;773797.91;BANCO CHILE;964684113521;REF-2026-000513
13582860-2;TOMAS VALDES SOTO;1250549.06;BANCO ESTADO;922930052878;REF-2026-000514
5662423-6;JUAN MUNOZ FUENTES;936794.48;BANCO ESTADO;278228466887;REF-2026-000515
20918099-5;FRANCISCA CONTRERAS PEREZ;636486.53;BANCO ESTADO;575075993055;REF-2026-000516
14058929-2;JORGE VALDES ROJAS;883341.13;BANCO ESTADO;126768267912;REF-2026-000517
8565618-K;NICOLAS CONTRERAS VALDES;423904.99;SCOTIABANK;575801910614;REF-2026-000518
11767029-5;CRISTOBAL FUENTES SEPULVEDA;341327.05;ITAU;232543218635;REF-2026-000519
21128405-6;JAVIERA SILVA PEREZ;31737.85;BANCO ESTADO;125154104423;REF-2026-000520
24265369-6;NICOLAS ROJAS GONZALEZ;1639784.65;BANCO ESTADO;798676631820;REF-2026-000521
8398744-8;ANTONIA SILVA HERNANDEZ;625803.33;ITAU;108589275203;REF-2026-000522
10862019-6;JUAN SEPULVEDA RODRIGUEZ;1686068.86;BANCO FALABELLA;814578454423;REF-2026-000523
8888994-0;PEDRO SOTO PEREZ;1791770.17;BANCO SANTANDER;393253611454;REF-2026-000524
19687261-2;JORGE MARTINEZ GONZALEZ;786445.43;BANCO SANTANDER;439575568924;REF-2026-000525
18430168-7;CATALINA MARTINEZ LOPEZ;1451830.61;BANCO SECURITY;974449383310;REF-2026-000526
10596165-0;PEDRO ROJAS SOTO;1981496.20;BANCO ESTADO;531818230647;REF-2026-000527
24090573-6;CATALINA DIAZ VALDES;-801395.99;BANCO FALABELLA;033690535494;REF-2026-000528
9384065-8;NICOLAS TORRES MUNOZ;1866419.52;ITAU;069916926394;REF-2026-000529
13778271-5;JAVIERA PEREZ ARAYA;1614624.95;BCI;961654666598;REF-2026-000530
16351485-0;FERNANDA ARAYA VALDES;204737.55;BCI;381026994241;REF-2026-000531
17914316-K;FRANCISCA FLORES VALDES;119433.01;BANCO SANTANDER;935179299412;REF-2026-000532
20746723-5;NICOLAS DIAZ GONZALEZ;1580862.62;BANCO FALABELLA;362811875348;REF-2026-000533
14333404-K;JUAN ARAYA SILVA;1159472.82;BANCO SECURITY;900380226336;REF-2026-000534
12885291-3;CAMILA HERNANDEZ HERNANDEZ;1685366.73;ITAU;941975880239;REF-2026-000535
21725412-4;CATALINA MORALES MUNOZ;1048067.95;BANCO CHILE;443822481206;REF-2026-000536
18835785-7;JUAN FLORES FLORES;5355.11;SCOTIABANK;563168745664;REF-2026-000537
23868750-0;VALENTINA HERNANDEZ MORALES;766984.06;BCI;502842522128;REF-2026-000538
16139152-2;TOMAS VALDES VALDES;997233.91;BANCO FALABELLA;497996064114;REF-2026-000539
8825989-0;PEDRO SILVA PEREZ;720877.45;SCOTIABANK;574582963489;REF-2026-000540
17545678-3;PEDRO SOTO DIAZ;1037684.17;BANCO SECURITY;280632270419;REF-2026-000541
25496784-K;VALENTINA CONTRERAS MUNOZ;1955804.50;BCI;909201097093;REF-2026-000542
11394762-4;JAVIERA MUNOZ FUENTES;102518.81;BANCO ESTADO;983568881751;REF-2026-000543
20116425-7;CATALINA ESPINOZA ARAYA;287352.63;BANCO CHILE;810731749158;REF-2026-000544
6629792-6;TOMAS FUENTES ESPINOZA;1017781.65;BANCO SANTANDER;639626494246;REF-2026-000545
10826736-4;FRANCISCA MUNOZ LOPEZ;1383923.76;BANCO FALABELLA;969532778071;REF-2026-000546
17907136-3;SEBASTIAN VALDES SILVA;578772.50;BANCO FALABELLA;327290777107;REF-2026-000547
20194980-7;FRANCISCA ROJAS FUENTES;1268585.89;SCOTIABANK;773420123097;REF-2026-000548
23381318-4;JAVIERA FLORES CONTRERAS;426294.26;SCOTIABANK;381906095118;REF-2026-000549
9451724-9;DIEGO ARAYA FLORES;1461077.81;BANCO FALABELLA;128604993334;REF-2026-000550
16819139-1;TOMAS TORRES ESPINOZA;1201715.85;BANCO SECURITY;824234607258;REF-2026-000551
22914805-2;MATIAS FUENTES PEREZ;1101244.13;BANCO CHILE;161549615498;REF-2026-000552
6780565-8;JUAN CONTRERAS MARTINEZ;1578252.20;SCOTIABANK;278813046063;REF-2026-000553
9913321-K;JUAN SEPULVEDA CONTRERAS;1585401.69;BANCO CHILE;895893726897;REF-2026-000554
20186551-4;PEDRO VALDES FLORES;1818704.28;BANCO SECURITY;560366213273;REF-2026-000555
14651551-7;JUAN LOPEZ LOPEZ;878602.87;BANCO FALABELLA;610738610812;REF-2026-000556
6805302-1;MARIA MARTINEZ CONTRERAS;1306412.99;ITAU;249377887798;REF-2026-000557
17339344-K;ISIDORA FLORES VALDES;417025.99;BCI;491889755438;REF-2026-000558
10953425-0;CAMILA DIAZ DIAZ;1546573.65;BANCO ESTADO;045569727036;REF-2026-000559
19378336-8;ANTONIA FLORES MARTINEZ;277769.20;SCOTIABANK;361801498535;REF-2026-000560
20647483-1;FRANCISCA SOTO ROJAS;1952474.41;BANCO CHILE;677995794833;REF-2026-000561
15105078-6;NICOLAS ESPINOZA FLORES;755959.09;BANCO FALABELLA;243774723210;REF-2026-000562
11169623-3;FERNANDA GONZALEZ ARAYA;339224.53;BANCO SECURITY;383646992483;REF-2026-000563
12422175-7;VALENTINA MORALES MORALES;761647.37;BCI;829715263798;REF-2026-000564
25746054-1;FERNANDA TORRES FLORES;1732399.96;BANCO CHILE;735932134638;REF-2026-000565
16610078-K;CATALINA SILVA VALDES;1931459.79;BCI;048068103454;REF-2026-000566
15768859-6;CONSTANZA MUNOZ LOPEZ;543109.69;SCOTIABANK;905163062531;REF-2026-000567
17581504-K;FERNANDA ARAYA HERNANDEZ;1025903.05;SCOTIABANK;717822661265;REF-2026-000568
15747912-1;FERNANDA GONZALEZ MUNOZ;1.2.3;BANCO SANTANDER;592731897295;REF-2026-000569
22891418-5;MARIA GONZALEZ CONTRERAS;1410794.80;BCI;756334212417;REF-2026-000570
19234107-8;PEDRO CONTRERAS FLORES;1743011.89;BANCO SECURITY;901425123880;REF-2026-000571
7419962-3;FRANCISCA PEREZ HERNANDEZ;1508381.42;BANCO CHILE;078685310744;REF-2026-000572
6820934-K;DIEGO MARTINEZ FLORES;152727.73;BCI;288380499077;REF-2026-000573
18677886-3;CONSTANZA HERNANDEZ LOPEZ;913119.40;BANCO CHILE;741407272692;REF-2026-000574
8969682-8;TOMAS PEREZ VALDES;137618.96;BANCO CHILE;936018168609;REF-2026-000575
7435697-4;CRISTOBAL ARAYA MUNOZ;612831.87;SCOTIABANK;098094460985;REF-2026-000576
14446157-6;CATALINA LOPEZ LOPEZ;1729115.84;BANCO CHILE;174834453435;REF-2026-000577
22900207-4;FELIPE ROJAS LOPEZ;1675948.69;SCOTIABANK;700908447204;REF-2026-000578
9834372-5;MATIAS RODRIGUEZ PEREZ;1165824.71;BANCO SANTANDER;044478963936;REF-2026-000579
5168773-6;ISIDORA VALDES LOPEZ;1131489.70;BANCO ESTADO;229941905237;REF-2026-000580
16537746-K;VALENTINA FUENTES ARAYA;303750.20;BANCO SANTANDER;676258142590;REF-2026-000581
13480606-0;VALENTINA MUNOZ DIAZ;1412142.72;BANCO CHILE;829290403261;REF-2026-000582
23416387-6;CATALINA FLORES GONZALEZ;614542.85;BANCO ESTADO;109450877531;REF-2026-000583
11624235-4;ISIDORA TORRES MORALES;753973.16;BCI;310667335572;REF-2026-000584
11492734-1;JAVIERA TORRES HERNANDEZ;693591.78;SCOTIABANK;643928507086;REF-2026-000077
10113526-8;ISIDORA ESPINOZA RODRIGUEZ;1698869.40;BANCO SECURITY;006019268492;REF-2026-000586
15509744-2;FELIPE SILVA FUENTES;585239.46;BANCO SANTANDER;807077658983;REF-2026-000587
16125406-1;NICOLAS HERNANDEZ HERNANDEZ;757335.99;SCOTIABANK;608681914907;REF-2026-000588
8651817-1;DIEGO VALDES GONZALEZ;1770367.35;BANCO SANTANDER;593238611178;REF-2026-000589
11591161-9;ANTONIA GONZALEZ GONZALEZ;1875880.02;BANCO CHILE;640145432327;REF-2026-000590
24424687-7;CONSTANZA ESPINOZA CONTRERAS;1905656.04;SCOTIABANK;982586726462;REF-2026-000591
23108559-9;NICOLAS ROJAS RODRIGUEZ;828128.28;SCOTIABANK;508381156553;REF-2026-000592
21814903-0;FERNANDA GONZALEZ LOPEZ;768081.64;BANCO CHILE;265839187492;REF-2026-000593
25603628-2;DIEGO ARAYA ROJAS;940792.20;BANCO SANTANDER;724984652044;REF-2026-000594
9905626-6;NICOLAS RODRIGUEZ SOTO;463896.97;ITAU;070714835019;REF-2026-000595
13870352-5;CRISTOBAL SILVA SOTO;1407125.26;BANCO FALABELLA;518062922738;REF-2026-000596
20255302-8;JUAN SOTO MORALES;221478.90;SCOTIABANK;816334568012;REF-2026-000597
13835421-0;ISIDORA FLORES ESPINOZA;369589.48;BANCO SECURITY;646814032096;REF-2026-000598
7611792-6;FERNANDA MARTINEZ LOPEZ;1907625.28;BANCO SECURITY;900163850247;REF-2026-000599
16577363-2;NICOLAS TORRES VALDES;18836.64;BANCO SANTANDER;183277976971;REF-2026-000600
12717209-9;CAMILA ARAYA MARTINEZ;448583.19;BANCO SANTANDER;396812835904;REF-2026-000601
25200448-3;PEDRO SILVA FUENTES;1706152.42;BANCO ESTADO;741802473168;REF-2026-000602
21066353-3;NICOLAS CONTRERAS ESPINOZA;343157.82;BANCO SECURITY;267384377368;REF-2026-000603
6447683-1;FRANCISCA ESPINOZA ESPINOZA;342912.17;BANCO CHILE;631891172068;REF-2026-000604
9927975-3;JUAN DIAZ MARTINEZ;1939511.23;BANCO SECURITY;703500332998;REF-2026-000605
5624784-K;MATIAS GONZALEZ CONTRERAS;947047.77;ITAU;533006012849;REF-2026-000606
10723271-0;FELIPE FUENTES VALDES;304289.74;BANCO SANTANDER;725231179755;REF-2026-000607
22139768-1;ANTONIA DIAZ MORALES;1939312.58;BANCO ESTADO;414303903106;REF-2026-000608
17933954-4;FRANCISCA MUNOZ PEREZ;429355.66;BANCO SECURITY;167758608650;REF-2026-000609
25317578-8;PEDRO DIAZ TORRES;1895809.78;BANCO CHILE;863763378074;REF-2026-000610
22831830-2;FERNANDA MUNOZ GONZALEZ;1016332.84;BANCO SANTANDER;666298958603;REF-2026-000611
23095434-8;MARIA FUENTES ARAYA;887238.47;BANCO CHILE;583816938001;REF-2026-000612
19393383-1;FELIPE TORRES LOPEZ;740089.75;BANCO ESTADO;148856351106;REF-2026-000613
21010203-5;FELIPE GONZALEZ SEPULVEDA;1259709.69;BANCO SECURITY;208265694161;REF-2026-000281
5183524-7;MARIA ESPINOZA ARAYA;252104.66;BANCO CHILE;;REF-2026-000615
17583914-3;VALENTINA MORALES FUENTES;764734.13;BANCO SANTANDER;715794534661;REF-2026-000616
24641764-4;ANTONIA MARTINEZ FLORES;893272.72;BANCO FALABELLA;304275718221;REF-2026-000617
18336348-4;VALENTINA FUENTES FLORES;1648723.71;ITAU;405494520664;REF-2026-000618
23760075-4;TOMAS TORRES MARTINEZ;648098.73;BANCO FALABELLA;777419253270;REF-2026-000619
18359017-0;FRANCISCA MUNOZ SILVA;941577.89;BANCO SANTANDER;233358927381;REF-2026-000620
22057178-5;CONSTANZA MORALES FLORES;1292704.89;BANCO CHILE;426892126813;REF-2026-000621
5177524-4;CAMILA ROJAS TORRES;1946672.76;BANCO SECURITY;070098038123;REF-2026-000622
13827902-2;FELIPE RODRIGUEZ GONZALEZ;1282226.04;BANCO SECURITY;677030622033;REF-2026-000623
22482045-3;MATIAS VALDES SOTO;1988309.99;BANCO SANTANDER;544915909538;REF-2026-000624
19729457-4;MARIA CONTRERAS ARAYA;604799.24;BANCO CHILE;661497076449;REF-2026-000625
22131143-4;FERNANDA SILVA VALDES;360431.86;BANCO CHILE;264538076597;REF-2026-000626
5009639-4;DIEGO GONZALEZ MARTINEZ;1640092.51;BANCO FALABELLA;;REF-2026-000627
18258802-4;CONSTANZA ESPINOZA CONTRERAS;1090785.01;BANCO ESTADO;103732084792;REF-2026-000628
23441269-8;MATIAS FLORES ESPINOZA;735008.44;SCOTIABANK;667691862699;REF-2026-000629
11527182-2;CATALINA LOPEZ ESPINOZA;14754.33;BANCO SANTANDER;556799411087;REF-2026-000630
8572371-5;TOMAS GONZALEZ ARAYA;622090.43;BANCO ESTADO;567089326453;REF-2026-000631
13646755-7;TOMAS ESPINOZA MARTINEZ;1460825.56;BANCO SECURITY;531699768148;REF-2026-000632
13162895-1;JAVIERA HERNANDEZ HERNANDEZ;1885146.75;BANCO CHILE;127624097694;REF-2026-000633
13650995-0;CAMILA LOPEZ SILVA;1424589.89;BCI;348034050703;REF-2026-000634
18838719-5;CRISTOBAL ARAYA FLORES;25391.89;SCOTIABANK;315598870934;REF-2026-000635
8120878-6;CONSTANZA MORALES GONZALEZ;1167978.22;ITAU;388895129979;REF-2026-000636
12333862-6;ISIDORA MARTINEZ DIAZ;1991250.95;BCI;810597037491;REF-2026-000637
11699697-9;FELIPE SILVA MARTINEZ;438646.29;BCI;275168981724;REF-2026-000638
25756667-6;CRISTOBAL ROJAS MUNOZ;256403.10;ITAU;007931334095;REF-2026-000639
23168850-1;JUAN TORRES RODRIGUEZ;1306634.40;ITAU;988331322182;REF-2026-000640
24277671-2;ANTONIA TORRES DIAZ;1607774.65;SCOTIABANK;243227048003;REF-2026-000641
24349672-1;FRANCISCA SOTO ARAYA;1681190.54;ITAU;597741271854;REF-2026-000642
6092621-2;FERNANDA RODRIGUEZ LOPEZ;1809389.87;BANCO SANTANDER;766021156073;REF-2026-000643
22388079-7;CATALINA MORALES PEREZ;29788.86;BCI;638284790665;REF-2026-000644
8380536-6;JAVIERA RODRIGUEZ VALDES;1812413.33;BANCO SANTANDER;291118870701;REF-2026-000645
12957069-5;ANTONIA TORRES VALDES;724525.46;BANCO SANTANDER;466998668888;REF-2026-000646
12064297-9;SEBASTIAN RODRIGUEZ RODRIGUEZ;1796651.51;SCOTIABANK;200504361911;REF-2026-000647
24173328-9;FRANCISCA ESPINOZA SILVA;1712481.12;SCOTIABANK;262151567625;REF-2026-000648
23634119-4;SEBASTIAN LOPEZ CONTRERAS;310856.94;BANCO SANTANDER;887794726782;REF-2026-000649
5326897-8;DIEGO FUENTES TORRES;287007.80;BANCO FALABELLA;536948923988;REF-2026-000650
15067476-K;ANTONIA FLORES ESPINOZA;105053.50;BANCO ESTADO;180059519490;REF-2026-000651
7014486-7;VALENTINA MARTINEZ TORRES;1764451.80;BANCO ESTADO;818975897966;REF-2026-000652
16229210-2;ANTONIA RODRIGUEZ RODRIGUEZ;1180139.71;SCOTIABANK;023952907724;REF-2026-000653
18816403-K;PEDRO RODRIGUEZ VALDES;422245.73;BANCO SANTANDER;859904867471;REF-2026-000654
14549884-8;CRISTOBAL MORALES ARAYA;1027348.99;ITAU;090720288214;REF-2026-000655
17786620-2;JORGE SEPULVEDA HERNANDEZ;1329796.18;BANCO SANTANDER;888514535920;REF-2026-000656
16320873-3;SEBASTIAN VALDES ESPINOZA;853869.09;BANCO ESTADO;375357937267;REF-2026-000657
12657723-0;JAVIERA MORALES SEPULVEDA;1494887.34;BANCO SECURITY;977122577892;REF-2026-000658
19928312-K;CRISTOBAL ESPINOZA ARAYA;949323.52;BANCO SANTANDER;938092655725;REF-2026-000659
5775144-4;FRANCISCA SILVA MARTINEZ;1977240.95;BANCO ESTADO;182293024100;REF-2026-000660
18322639-8;PEDRO MUNOZ GONZALEZ;1969598.60;BANCO CHILE;847221793732;REF-2026-000661
18321529-9;FERNANDA GONZALEZ MUNOZ;555402.79;BANCO SANTANDER;718621652546;REF-2026-000662
18081068-4;MATIAS SILVA SILVA;1551845.36;ITAU;141129667547;REF-2026-000663
9404928-8;FERNANDA DIAZ PEREZ;78725.84;BANCO FALABELLA;951584501424;REF-2026-000664
20977101-8;TOMAS MARTINEZ FLORES;937907.17;BANCO SANTANDER;656372628498;REF-2026-000665
20319055-7;ISIDORA FUENTES ARAYA;1346729.81;SCOTIABANK;382860917279;REF-2026-000666
21161548-6;TOMAS SILVA GONZALEZ;931648.39;BANCO FALABELLA;286238243418;REF-2026-000667
10225013-3;MATIAS PEREZ PEREZ;1102473.97;BANCO SANTANDER;316009587088;REF-2026-000668
20743670-4;TOMAS PEREZ TORRES;1990913.96;ITAU;010876751971;REF-2026-000669
19443012-4;MATIAS VALDES SILVA;1675942.00;BANCO FALABELLA;452781472264;REF-2026-000670
23809083-0;SEBASTIAN LOPEZ SILVA;347400.91;BANCO SECURITY;416874926672;REF-2026-000671
12401853-6;ANTONIA GONZALEZ FUENTES;1316397.30;SCOTIABANK;715187248898;REF-2026-000672
22849087-3;ANTONIA FUENTES CONTRERAS;1794881.08;BANCO SANTANDER;319414375678;REF-2026-000673
8702944-1;CATALINA VALDES HERNANDEZ;575706.89;ITAU;353993867801;REF-2026-000674
5650801-5;FRANCISCA SOTO FLORES;51411.23;BANCO ESTADO;294269448840;REF-2026-000675
9195619-5;;1504874.56;BANCO CHILE;100784161301;REF-2026-000676
10056105-0;MARIA TORRES CONTRERAS;722043.53;SCOTIABANK;880547993013;REF-2026-000677
21723386-0;CRISTOBAL HERNANDEZ SOTO;697581.10;BANCO SANTANDER;293298458992;REF-2026-000678
18167489-K;CAMILA FLORES TORRES;385850.24;SCOTIABANK;421121892833;REF-2026-000679
5423305-1;PEDRO SILVA LOPEZ;1622376.56;BCI;215892290422;REF-2026-000680
20463044-5;PEDRO ARAYA CONTRERAS;996587.49;SCOTIABANK;357208332147;REF-2026-000681
10322116-1;JUAN FLORES ARAYA;261149.32;ITAU;330159937069;REF-2026-000682
11668058-0;CRISTOBAL SOTO CONTRERAS;241828.30;BANCO SECURITY;015278676704;REF-2026-000683
10615681-6;ANTONIA ESPINOZA MUNOZ;835070.31;BANCO CHILE;048110787312;REF-2026-000684
24497709-K;NICOLAS VALDES ROJAS;783879.98;BANCO ESTADO;173866945815;REF-2026-000685
21774505-5;CAMILA VALDES MORALES;1957131.97;BANCO CHILE;392098756160;REF-2026-000686
10164645-9;TOMAS MUNOZ ROJAS;1028080.29;BANCO FALABELLA;615101621106;REF-2026-000687
16654049-6;CATALINA CONTRERAS PEREZ;1450461.48;BANCO FALABELLA;150140158778;REF-2026-000688
13411969-1;JUAN TORRES HERNANDEZ;1177359.37;ITAU;624585338913;REF-2026-000689
11262153-9;TOMAS RODRIGUEZ MORALES;1540959.59;SCOTIABANK;915259645977;REF-2026-000690
25088365-K;TOMAS DIAZ GONZALEZ;1118875.19;ITAU;899918069255;REF-2026-000691
13836535-2;TOMAS RODRIGUEZ HERNANDEZ;6509.99;BANCO SECURITY;206014498924;REF-2026-000692
5628134-7;JORGE RODRIGUEZ VALDES;505771.41;BANCO ESTADO;900962965481;REF-2026-000693
18002035-7;VALENTINA ARAYA TORRES;1610860.70;BANCO SANTANDER;312870628829;REF-2026-000694
15824661-9;SEBASTIAN MORALES MUNOZ;206864.66;BANCO ESTADO;916016055940;REF-2026-000695
9354501-K;DIEGO SOTO CONTRERAS;229510.62;BCI;035783881794;REF-2026-000696
24159989-2;CONSTANZA TORRES ARAYA;1313560.89;SCOTIABANK;400642779688;REF-2026-000697
12406227-6;JORGE GONZALEZ PEREZ;1955793.26;ITAU;979945039787;REF-2026-000698
7682905-5;CATALINA SOTO RODRIGUEZ;1175252.95;BANCO SECURITY;408257502832;REF-2026-000699
6956224-8;JORGE MARTINEZ ARAYA;90255.93;BANCO ESTADO;335296445181;REF-2026-000700
7615077-K;VALENTINA ARAYA MUNOZ;217284.92;BCI;424190261839;REF-2026-000701
11357236-1;VALENTINA ARAYA SILVA;1200434.80;BANCO SANTANDER;823737164107;REF-2026-000702
23728124-1;SEBASTIAN MUNOZ ESPINOZA;58045030.00;ITAU;734161871368;REF-2026-000703
19330258-0;PEDRO DIAZ DIAZ;1158361.51;BANCO FALABELLA;175622769790;REF-2026-000704
22914727-7;JORGE HERNANDEZ RODRIGUEZ;1897648.40;BANCO FALABELLA;412650513492;REF-2026-000705
18835944-2;SEBASTIAN MORALES VALDES;509831.72;BCI;844424473649;REF-2026-000706
23462947-6;ANTONIA RODRIGUEZ HERNANDEZ;943475.50;BANCO CHILE;038479230166;REF-2026-000707
14545637-1;JORGE PEREZ ARAYA;288295.38;BANCO CHILE;233881230114;REF-2026-000708
15566447-9;MARIA MARTINEZ FLORES;1077214.71;BANCO SANTANDER;040059665795;REF-2026-000709
20447447-8;CRISTOBAL ROJAS ROJAS;560720.46;BCI;281173576486;REF-2026-000710
15076477-7;CAMILA ESPINOZA LOPEZ;1198415.27;BANCO ESTADO;360590040277;REF-2026-000711
21191126-3;DIEGO TORRES ESPINOZA;1723648.12;SCOTIABANK;804319394118;REF-2026-000712
24336872-3;CONSTANZA GONZALEZ SOTO;1938304.98;BANCO FALABELLA;968861990446;REF-2026-000713
19572837-2;SEBASTIAN MUNOZ SILVA;1572995.83;BANCO CHILE;858421016279;REF-2026-000714
17834132-4;JUAN SEPULVEDA ARAYA;91365.40;BANCO SANTANDER;552159545038;REF-2026-000715
12408723-6;FRANCISCA SOTO LOPEZ;939524.96;BANCO ESTADO;474400253072;REF-2026-000716
14723504-6;CONSTANZA ROJAS ROJAS;709995.10;ITAU;819498104890;REF-2026-000717
6654605-5;TOMAS LOPEZ MARTINEZ;183423.51;BANCO SECURITY;768827732339;REF-2026-000718
9374664-3;FRANCISCA TORRES FLORES;420463.62;BANCO SECURITY;630866610913;REF-2026-000719
11580000-0;TOMAS VALDES ARAYA;521414.31;BANCO ESTADO;852547090082;REF-2026-000720
19430611-3;JAVIERA ESPINOZA GONZALEZ;240992.85;BANCO SECURITY;402251051563;REF-2026-000721
16687272-3;VALENTINA MORALES RODRIGUEZ;1250450.83;BANCO CHILE;339313205080;REF-2026-000722
10679264-K;CRISTOBAL VALDES HERNANDEZ;1311907.18;ITAU;257917092107;REF-2026-000723
11700323-K;CRISTOBAL ROJAS GONZALEZ;240660.94;BANCO CHILE;955117007905;REF-2026-000724
14653109-0;JAVIERA MUNOZ SEPULVEDA;948847.60;BANCO CHILE;230058666352;REF-2026-000725
23052467-K;VALENTINA CONTRERAS FLORES;1102368.96;SCOTIABANK;531638055684;REF-2026-000726
25905820-1;FRANCISCA PEREZ LOPEZ;1227649.84;BANCO CHILE;186780770380;REF-2026-000727
7016958-4;MATIAS CONTRERAS VALDES;573918.06;ITAU;074050239069;REF-2026-000728
18040767-7;ANTONIA RODRIGUEZ MUNOZ;12560650.00;SCOTIABANK;975388108371;REF-2026-000729
17969567-7;FELIPE LOPEZ ARAYA;1493325.12;BANCO FALABELLA;952269380504;REF-2026-000730
25035566-1;TOMAS GONZALEZ DIAZ;422071.64;ITAU;025534868377;REF-2026-000731
6333869-9;FELIPE ARAYA SEPULVEDA;704546.62;BANCO SECURITY;175995825659;REF-2026-000732
5616469-3;CRISTOBAL RODRIGUEZ RODRIGUEZ;1316204.38;BCI;554958816607;REF-2026-000733
14256938-8;JUAN MARTINEZ LOPEZ;1872308.03;SCOTIABANK;165177627574;REF-2026-000734
16468440-7;CONSTANZA ROJAS GONZALEZ;1535689.48;BCI;264785438092;REF-2026-000735
24223285-2;FRANCISCA FUENTES SEPULVEDA;1912853.77;BANCO FALABELLA;595634653810;REF-2026-000736
9421539-0;VALENTINA ROJAS ESPINOZA;1140301.87;BCI;155028641175;REF-2026-000737
15368265-8;FERNANDA ROJAS FUENTES;1911315.98;BANCO SANTANDER;349571161610;REF-2026-000738
7275461-1;TOMAS FLORES MUNOZ;391159.40;BANCO SANTANDER;034187553897;REF-2026-000739
15693376-7;SEBASTIAN FUENTES SEPULVEDA;934047.95;SCOTIABANK;856351142474;REF-2026-000740
11306005-0;PEDRO ROJAS DIAZ;59941.97;SCOTIABANK;626371309480;REF-2026-000741
25547459-6;FELIPE VALDES SILVA;489258.87;BANCO CHILE;088442361629;REF-2026-000742
20992116-2;FRANCISCA ARAYA VALDES;988068.91;BANCO FALABELLA;938093043478;REF-2026-000743
21490177-3;NICOLAS ROJAS DIAZ;410295.28;BANCO CHILE;840273499780;REF-2026-000422
5503794-9;ANTONIA FUENTES SILVA;1561855.85;BCI;227592925057;REF-2026-000745
7219166-8;DIEGO HERNANDEZ VALDES;1032484.88;BANCO FALABELLA;507233943489;REF-2026-000746
13280691-8;SEBASTIAN LOPEZ SOTO;1279921.94;BANCO SECURITY;347690623051;REF-2026-000747
18225503-3;JORGE ESPINOZA VALDES;1129407.67;BANCO CHILE;119200287829;REF-2026-000748
20153503-4;CATALINA SOTO SILVA;1092798.68;BANCO SECURITY;812679372078;REF-2026-000749
6317065-8;TOMAS LOPEZ ARAYA;1609656.80;BANCO CHILE;319642980922;REF-2026-000750
19748980-4;CONSTANZA SEPULVEDA SEPULVEDA;972515.21;BANCO SECURITY;672279421259;REF-2026-000751
6830282-K;FERNANDA ROJAS HERNANDEZ;1745412.82;ITAU;791662422778;REF-2026-000752
21799287-7;PEDRO DIAZ ESPINOZA;1971798.89;BANCO SANTANDER;453659774783;REF-2026-000753
15853547-5;CATALINA PEREZ DIAZ;956437.75;BCI;503006723057;REF-2026-000754
8025927-1;ANTONIA MORALES DIAZ;1511540.93;BANCO ESTADO;125945714979;REF-2026-000755
20079308-0;CRISTOBAL GONZALEZ ARAYA;1488271.49;BANCO SANTANDER;603921833768;REF-2026-000756
17771052-0;JUAN DIAZ MORALES;1190921.84;BANCO SANTANDER;955179057407;REF-2026-000757
9852218-2;DIEGO SOTO FUENTES;651053.39;ITAU;689435070318;REF-2026-000758
11063152-9;PEDRO ROJAS CONTRERAS;12409.79;SCOTIABANK;503563605582;REF-2026-000759
21697611-8;NICOLAS FLORES PEREZ;1280034.63;BCI;646176560476;REF-2026-000760
20962245-9;CATALINA FUENTES HERNANDEZ;171524.76;BANCO CHILE;968418676649;REF-2026-000761
23365736-0;ANTONIA VALDES FLORES;1724919.26;BANCO CHILE;160707671662;REF-2026-000762
6847639-9;CRISTOBAL SOTO ROJAS;1795609.04;SCOTIABANK;052916287739;REF-2026-000763
8653663-3;SEBASTIAN DIAZ DIAZ;1414475.36;BANCO SANTANDER;503366404312;REF-2026-000764
24426885-4;CRISTOBAL SOTO GONZALEZ;50170626.00;BANCO FALABELLA;986130504385;REF-2026-000765
17715094-0;CAMILA FUENTES FLORES;141159.37;ITAU;134721855946;REF-2026-000766
14207958-5;JAVIERA ARAYA FUENTES;1105262.26;BCI;063758292977;REF-2026-000767
8667574-9;ISIDORA ARAYA GONZALEZ;1019314.92;SCOTIABANK;668554112139;REF-2026-000768
13712745-8;FERNANDA ESPINOZA VALDES;747084.16;ITAU;802096036467;REF-2026-000347
21701420-8;DIEGO VALDES SILVA;1491014.37;BCI;129855808866;REF-2026-000770
5804863-1;CATALINA MUNOZ CONTRERAS;1681807.78;BANCO SECURITY;050022933417;REF-2026-000771
16200209-0;CRISTOBAL FLORES CONTRERAS;28692.81;BCI;313201246039;REF-2026-000772
13536835-0;CAMILA SEPULVEDA SEPULVEDA;1067605.70;BANCO FALABELLA;008589347259;REF-2026-000773
8819727-5;JAVIERA MORALES LOPEZ;1524169.72;BANCO CHILE;193552157511;REF-2026-000774
11510082-3;JAVIERA MORALES TORRES;1926333.60;BANCO CHILE;149801943248;REF-2026-000775
21156308-7;FRANCISCA HERNANDEZ FLORES;1883898.42;ITAU;897720404830;REF-2026-000776
18889959-5;JUAN ARAYA SEPULVEDA;1189770.92;BANCO FALABELLA;591794987489;REF-2026-000777
5628086-3;VALENTINA ESPINOZA MORALES;1681747.45;BANCO ESTADO;168373214626;REF-2026-000778
14410676-8;MARIA MORALES LOPEZ;1318888.68;BANCO SANTANDER;669172278344;REF-2026-000779
18071675-0;DIEGO VALDES MUNOZ;1818184.96;SCOTIABANK;944626933019;REF-2026-000780
15552848-6;JUAN MARTINEZ FUENTES;187028.63;BCI;496517178346;REF-2026-000781
15154534-3;VALENTINA ARAYA SEPULVEDA;372028.14;BANCO FALABELLA;043026014401;REF-2026-000782
11781297-9;CAMILA HERNANDEZ ARAYA;57292.61;BANCO SANTANDER;375479107707;REF-2026-000783
21222626-2;FERNANDA SEPULVEDA MORALES;305511.98;BANCO ESTADO;571964464815;REF-2026-000784
9453248-5;VALENTINA SOTO HERNANDEZ;817831.91;BANCO ESTADO;340320068159;REF-2026-000785
6477400-K;JORGE GONZALEZ MORALES;984109.05;BANCO ESTADO;845049454251;REF-2026-000786
15485115-1;MARIA ESPINOZA SEPULVEDA;1344767.26;BANCO FALABELLA;212314776871;REF-2026-000787
14615605-3;ANTONIA FLORES MORALES;1625652.56;BANCO ESTADO;;REF-2026-000788
14148757-4;FRANCISCA DIAZ MARTINEZ;245040.01;BANCO ESTADO;594592729922;REF-2026-000789
16754726-5;TOMAS MORALES MARTINEZ;301866.90;SCOTIABANK;269753639827;REF-2026-000790
10747034-4;CAMILA SEPULVEDA VALDES;1876169.43;ITAU;142951788064;REF-2026-000791
5972833-4;;992204.86;BANCO CHILE;422361747651;REF-2026-000792
6805224-6;CAMILA FUENTES LOPEZ;380354.90;ITAU;394489078147;REF-2026-000793
15483768-K;JAVIERA CONTRERAS FLORES;169722.96;ITAU;145172557248;REF-2026-000794
8117749-K;CATALINA MUNOZ HERNANDEZ;655938.87;ITAU;256424049607;REF-2026-000795
12509295-0;FRANCISCA VALDES MARTINEZ;1919409.46;BANCO SECURITY;770586641435;REF-2026-000796
16083966-K;JAVIERA HERNANDEZ TORRES;68468.08;ITAU;383736935583;REF-2026-000797
21060898-2;CATALINA DIAZ SEPULVEDA;1615490.44;BANCO SANTANDER;114850776898;REF-2026-000798
18612562-2;PEDRO MORALES FLORES;1366998.09;SCOTIABANK;510094265711;REF-2026-000799
18449169-9;ISIDORA FUENTES SILVA;1307068.31;BANCO SANTANDER;533463810554;REF-2026-000800
17878743-8;CAMILA MORALES CONTRERAS;1711904.88;BANCO SECURITY;625640087867;REF-2026-000801
16482354-7;TOMAS SILVA DIAZ;1394598.85;BANCO ESTADO;631122850313;REF-2026-000802
21328603-K;PEDRO ESPINOZA VALDES;975789.41;BANCO ESTADO;489861866578;REF-2026-000803
10911418-9;MATIAS LOPEZ GONZALEZ;1259640.13;BANCO SECURITY;543572086987;REF-2026-000804
7063001-K;CAMILA CONTRERAS ROJAS;1865722.74;BANCO CHILE;163165414008;REF-2026-000805
10006872-9;CATALINA FLORES SEPULVEDA;822852.78;ITAU;225178681125;REF-2026-000806
15623256-4;MATIAS ESPINOZA SEPULVEDA;1931237.55;BANCO FALABELLA;099742540483;REF-2026-000807
24553072-2;MARIA VALDES ARAYA;852663.16;SCOTIABANK;404994977126;REF-2026-000808
23417528-9;JUAN PEREZ FLORES;1726244.45;BANCO ESTADO;313936676630;REF-2026-000809
6046386-7;FELIPE FUENTES ESPINOZA;831840.80;BANCO FALABELLA;420668872268;REF-2026-000810
18624195-9;CONSTANZA FUENTES FLORES;447952.84;BANCO SANTANDER;153363412561;REF-2026-000811
11315844-1;TOMAS LOPEZ RODRIGUEZ;1766529.53;BANCO SANTANDER;739187778879;REF-2026-000812
9212730-3;FRANCISCA PEREZ GONZALEZ;1364770.02;BANCO SANTANDER;974760737300;REF-2026-000813
21330986-2;SEBASTIAN ROJAS GONZALEZ;292771.82;BANCO SECURITY;502910534304;REF-2026-000814
25281288-1;SEBASTIAN VALDES DIAZ;957934.65;BANCO SECURITY;901019201681;REF-2026-000815
20101030-6;CONSTANZA RODRIGUEZ SILVA;394632.54;BANCO CHILE;548943073538;REF-2026-000816
12944010-4;FERNANDA MARTINEZ FUENTES;1948146.69;BANCO FALABELLA;623932886998;REF-2026-000817
21215787-2;CRISTOBAL MUNOZ ESPINOZA;1014847.88;BANCO ESTADO;800474178113;REF-2026-000818
22663323-5;ANTONIA HERNANDEZ ARAYA;169069.66;BANCO ESTADO;517449335951;REF-2026-000819
7619994-9;TOMAS ESPINOZA SEPULVEDA;1290636.06;BANCO FALABELLA;857996442263;REF-2026-000820
5361830-8;NICOLAS HERNANDEZ ARAYA;1905135.60;BANCO FALABELLA;389355307061;REF-2026-000821
14885737-7;MATIAS DIAZ SOTO;1462627.76;SCOTIABANK;863115778912;REF-2026-000822
23914843-3;ANTONIA SOTO TORRES;1217449.21;BANCO CHILE;891311300761;REF-2026-000823
25948602-5;MARIA SEPULVEDA TORRES;178036.16;BANCO ESTADO;863650388713;REF-2026-000824
14323058-9;ANTONIA ROJAS VALDES;594240.35;SCOTIABANK;812809820393;REF-2026-000825
8742976-8;JORGE DIAZ ESPINOZA;1554726.19;ITAU;887351399407;REF-2026-000826
10885426-K;ANTONIA SILVA TORRES;384184.67;BANCO CHILE;654458100982;REF-2026-000827
10172425-5;NICOLAS FUENTES LOPEZ;504011.84;ITAU;704197811592;REF-2026-000828
10613094-9;VALENTINA ESPINOZA RODRIGUEZ;118929.82;SCOTIABANK;901892943621;REF-2026-000829
8892125-9;JUAN DIAZ HERNANDEZ;841228.60;SCOTIABANK;823384301451;REF-2026-000830
22868434-1;FELIPE LOPEZ LOPEZ;1000286.33;BANCO SANTANDER;956760971306;REF-2026-000831
19587263-5;MARIA SEPULVEDA HERNANDEZ;806120.86;BANCO FALABELLA;584951324405;REF-2026-000832
6376322-5;PEDRO FLORES RODRIGUEZ;1775498.55;SCOTIABANK;298791417486;REF-2026-000833
13961979-K;PEDRO MARTINEZ ESPINOZA;825308.59;BCI;742888227180;REF-2026-000834
24754309-0;VALENTINA ARAYA MORALES;1426277.88;BANCO SANTANDER;603640905116;REF-2026-000835
5354938-0;CAMILA PEREZ FUENTES;209889.67;BANCO ESTADO;493570469897;REF-2026-000836
16794933-9;FELIPE SEPULVEDA MARTINEZ;409917.04;BANCO CHILE;102444538631;REF-2026-000837
6908640-3;JORGE CONTRERAS VALDES;1343156.15;BANCO ESTADO;941968864463;REF-2026-000838
9358964-5;CONSTANZA ESPINOZA DIAZ;;BANCO ESTADO;205851272538;REF-2026-000839
13500536-3;MATIAS HERNANDEZ GONZALEZ;1344619.58;SCOTIABANK;472455807556;REF-2026-000840
15851641-1;ANTONIA DIAZ GONZALEZ;586513.99;BANCO CHILE;427845871514;REF-2026-000841
16162040-8;JUAN MARTINEZ MARTINEZ;378145.56;BANCO ESTADO;224031579876;REF-2026-000842
25478333-1;CONSTANZA DIAZ TORRES;232395.18;BANCO SECURITY;676247828337;REF-2026-000843
8565148-K;CATALINA MARTINEZ MUNOZ;78108.09;BANCO ESTADO;802317823233;REF-2026-000844
13408618-1;CATALINA PEREZ TORRES;317170.83;BANCO CHILE;043661453716;REF-2026-000845
18102462-3;ANTONIA ROJAS MORALES;1902120.50;BANCO CHILE;780602633725;REF-2026-000846
21464470-3;NICOLAS FUENTES LOPEZ;1775099.93;BANCO ESTADO;248132971054;REF-2026-000847
5110976-7;CONSTANZA TORRES MUNOZ;1194596.68;BANCO FALABELLA;749756422168;REF-2026-000848
15161224-5;CONSTANZA SOTO GONZALEZ;771205.68;BANCO FALABELLA;924763527901;REF-2026-000849
20422937-6;MATIAS CONTRERAS DIAZ;1167819.05;BANCO SECURITY;209996261509;REF-2026-000850
15028424-4;CONSTANZA MUNOZ RODRIGUEZ;1025271.10;ITAU;210316623535;REF-2026-000851
9695706-8;JUAN CONTRERAS PEREZ;1514402.75;BCI;428303000112;REF-2026-000852
7113681-7;TOMAS SEPULVEDA TORRES;1124753.57;BANCO CHILE;370526284569;REF-2026-000853
6880875-8;JAVIERA SOTO LOPEZ;252856.27;ITAU;748066997119;REF-2026-000854
23004012-5;FRANCISCA ESPINOZA SILVA;1944479.09;BANCO CHILE;158777598125;REF-2026-000855
21404584-2;MARIA TORRES VALDES;101053.31;BANCO SANTANDER;190040259118;REF-2026-000856
6676312-9;MATIAS MUNOZ HERNANDEZ;1286833.21;BANCO ESTADO;902160589879;REF-2026-000857
8567883-3;PEDRO TORRES VALDES;1680991.78;BCI;881739351543;REF-2026-000858
11799508-9;SEBASTIAN MORALES LOPEZ;684969.15;BANCO SANTANDER;921504219383;REF-2026-000859
12154873-9;JUAN ESPINOZA DIAZ;708602.08;BANCO ESTADO;156795185687;REF-2026-000860
18930267-3;DIEGO RODRIGUEZ FLORES;351042.56;BCI;640630905925;REF-2026-000861
6365628-3;FRANCISCA MUNOZ VALDES;793803.99;BANCO SANTANDER;967434773312;REF-2026-000862
21339917-9;CAMILA PEREZ PEREZ;381256.11;SCOTIABANK;762996872304;REF-2026-000863
20972328-K;FRANCISCA CONTRERAS ROJAS;1346811.34;ITAU;264762666132;REF-2026-000864
10856890-9;JORGE SOTO VALDES;382488.91;ITAU;688572815492;REF-2026-000865
15106587-2;CRISTOBAL FUENTES PEREZ;1174603.30;BCI;680015791780;REF-2026-000866
17143392-4;TOMAS ARAYA SILVA;978531.98;BCI;058021818007;REF-2026-000867
11500130-2;PEDRO ROJAS TORRES;1048364.22;BANCO SANTANDER;057019754956;REF-2026-000868
17220291-8;MATIAS CONTRERAS FUENTES;532185.42;ITAU;112855196868;REF-2026-000869
6760150-5;TOMAS DIAZ DIAZ;1652296.03;ITAU;127765546215;REF-2026-000870
7377650-3;FELIPE HERNANDEZ ESPINOZA;1220848.41;BANCO SECURITY;822192384279;REF-2026-000871
15928173-6;FELIPE MUNOZ MORALES;482693.12;BCI;455140169032;REF-2026-000872
11709404-9;CONSTANZA SILVA GONZALEZ;992738.74;ITAU;976190961947;REF-2026-000873
19625204-5;FRANCISCA CONTRERAS VALDES;959185.22;BANCO SECURITY;148632994272;REF-2026-000874
20359212-4;VALENTINA RODRIGUEZ MARTINEZ;429066.42;BANCO SANTANDER;761347056632;REF-2026-000875
24081259-2;JUAN MARTINEZ ROJAS;238013.59;ITAU;187479851398;REF-2026-000876
16528497-6;FELIPE SEPULVEDA VALDES;333808.81;BANCO SANTANDER;939676937904;REF-2026-000877
12707530-1;CAMILA FUENTES ARAYA;1030954.27;ITAU;511400981422;REF-2026-000878
14367420-7;MARIA FUENTES SILVA;524740.41;BANCO SECURITY;244006960520;REF-2026-000879
24856560-8;FRANCISCA ESPINOZA PEREZ;881131.05;BANCO CHILE;520653562802;REF-2026-000880
21918692-4;JUAN FUENTES ARAYA;831949.61;BANCO ESTADO;544109100172;REF-2026-000881
13070226-0;CAMILA FLORES PEREZ;1458661.93;BANCO SECURITY;241303136316;REF-2026-000882
9453075-K;CRISTOBAL SEPULVEDA SILVA;1363199.11;BANCO CHILE;737500059690;REF-2026-000883
15228619-8;DIEGO HERNANDEZ ESPINOZA;1572173.74;BANCO CHILE;503409901633;REF-2026-000884
20561224-6;FRANCISCA LOPEZ DIAZ;1661453.47;ITAU;699807938281;REF-2026-000885
5045756-7;CAMILA LOPEZ MORALES;1118420.04;SCOTIABANK;827462957067;REF-2026-000886
14052629-0;JORGE FLORES ESPINOZA;1671142.26;BANCO ESTADO;970032476421;REF-2026-000887
16264044-5;JUAN ARAYA RODRIGUEZ;1867224.06;BANCO ESTADO;402076737704;REF-2026-000888
20614651-6;JORGE SOTO RODRIGUEZ;773465.22;BANCO ESTADO;780797518741;REF-2026-000889
11869014-1;FRANCISCA MORALES SILVA;1136694.14;ITAU;639886165523;REF-2026-000890
12039517-3;FELIPE MORALES RODRIGUEZ;1888102.34;BANCO SECURITY;058024905016;REF-2026-000891
7126316-9;CRISTOBAL RODRIGUEZ HERNANDEZ;1024691.64;BANCO ESTADO;780408418939;REF-2026-000892
22847752-4;TOMAS SEPULVEDA HERNANDEZ;1307229.47;BANCO ESTADO;981061515959;REF-2026-000893
20363706-3;CAMILA GONZALEZ LOPEZ;1888128.22;SCOTIABANK;117294603179;REF-2026-000894
10528636-8;ANTONIA MUNOZ ROJAS;1045876.19;BCI;025168967245;REF-2026-000895
14837134-2;SEBASTIAN FLORES ROJAS;998850.44;BANCO SECURITY;810360216056;REF-2026-000896
5720826-0;MATIAS CONTRERAS GONZALEZ;51214.29;BANCO FALABELLA;638423362322;REF-2026-000897
16502206-8;JAVIERA TORRES ESPINOZA;1401399.89;ITAU;333679607266;REF-2026-000898
24033807-6;FRANCISCA SEPULVEDA DIAZ;1660214.33;BCI;411101701463;REF-2026-000899
14668585-4;JUAN ROJAS RODRIGUEZ;601392.58;BANCO SANTANDER;783374635153;REF-2026-000900
22962247-1;MATIAS DIAZ DIAZ;-1765206.90;BANCO SANTANDER;259390621478;REF-2026-000901
8923094-2;JUAN MORALES ESPINOZA;270234.56;SCOTIABANK;204451192683;REF-2026-000902
11883871-8;TOMAS SOTO MORALES;726099.18;BANCO FALABELLA;595631475141;REF-2026-000903
10455870-4;TOMAS SEPULVEDA MUNOZ;1935289.03;BANCO SECURITY;550459757142;REF-2026-000904
9878273-7;CATALINA MORALES ROJAS;14005.94;BANCO FALABELLA;776874004889;REF-2026-000905
14917242-4;NICOLAS SEPULVEDA ESPINOZA;1403564.18;ITAU;758368882647;REF-2026-000906
8768686-8;NICOLAS SOTO ROJAS;1426886.70;BANCO ESTADO;028093006774;REF-2026-000907
18476463-6;JORGE SILVA HERNANDEZ;754508.11;BANCO FALABELLA;666956298559;REF-2026-000908
11548138-K;ISIDORA ARAYA SILVA;1643469.98;SCOTIABANK;023315428927;REF-2026-000909
7804799-2;TOMAS HERNANDEZ GONZALEZ;1078296.50;BCI;350998883664;REF-2026-000910
25239089-8;JORGE ARAYA SOTO;1910151.85;BANCO FALABELLA;161621288571;REF-2026-000911
19349233-9;CRISTOBAL LOPEZ RODRIGUEZ;30565.36;BANCO FALABELLA;337516507468;REF-2026-000912
19951050-9;TOMAS GONZALEZ CONTRERAS;1531419.56;BANCO SECURITY;489783107400;REF-2026-000913
14684950-4;DIEGO FUENTES FUENTES;297694.75;BANCO ESTADO;229250192711;REF-2026-000914
15174748-5;NICOLAS ARAYA MORALES;143654.75;BANCO SECURITY;005674849786;REF-2026-000915
18739219-5;ANTONIA FUENTES DIAZ;1170626.59;BANCO SANTANDER;203719267634;REF-2026-000916
17810059-9;MATIAS FLORES TORRES;93568.38;SCOTIABANK;617302468744;REF-2026-000917
20550863-5;FELIPE PEREZ PEREZ;328011.33;SCOTIABANK;705185772212;REF-2026-000918
20855850-1;PEDRO SEPULVEDA FUENTES;381170.62;BCI;129971178873;REF-2026-000919
14301860-1;NICOLAS GONZALEZ VALDES;1568564.46;ITAU;480170494208;REF-2026-000920
13654075-0;NICOLAS MUNOZ RODRIGUEZ;1079844.93;BANCO CHILE;288098291802;REF-2026-000921
10464246-2;ISIDORA SOTO ROJAS;675419.59;BANCO SANTANDER;178628618029;REF-2026-000922
6774637-6;ANTONIA RODRIGUEZ FUENTES;1339306.45;BANCO CHILE;320072502814;REF-2026-000923
7577875-9;FERNANDA CONTRERAS DIAZ;;BANCO ESTADO;828205386114;REF-2026-000924
10608150-6;TOMAS MORALES MORALES;1738971.87;SCOTIABANK;753785184203;REF-2026-000925
17164242-6;PEDRO FLORES ESPINOZA;742420.18;BANCO CHILE;568523876457;REF-2026-000926
14442813-7;CRISTOBAL TORRES FUENTES;718688.20;BANCO ESTADO;169439495773;REF-2026-000927
21890727-K;FELIPE CONTRERAS FLORES;1291452.88;BANCO ESTADO;505303662163;REF-2026-000928
7563569-9;PEDRO ROJAS PEREZ;1010622.44;SCOTIABANK;399105031418;REF-2026-000929
9664535-K;CATALINA VALDES ARAYA;1606363.43;BANCO SANTANDER;334761457102;REF-2026-000930
5965009-2;PEDRO SILVA ROJAS;1801871.88;BANCO SANTANDER;253063243203;REF-2026-000931
15315582-8;FRANCISCA CONTRERAS ROJAS;169846.54;BANCO ESTADO;018513739773;REF-2026-000932
21248897-6;SEBASTIAN SOTO CONTRERAS;231109.04;BANCO CHILE;131863712223;REF-2026-000933
13489689-2;JUAN GONZALEZ SEPULVEDA;1405030.01;BANCO ESTADO;137504243254;REF-2026-000934
25192787-1;VALENTINA ESPINOZA CONTRERAS;392515.85;BANCO FALABELLA;099909914760;REF-2026-000935
9884081-8;ANTONIA ESPINOZA RODRIGUEZ;743623.20;BCI;625938826551;REF-2026-000936
7293010-K;PEDRO ESPINOZA PEREZ;1114055.27;BCI;314379126807;REF-2026-000937
10763760-5;TOMAS PEREZ MUNOZ;1943255.27;ITAU;767078125404;REF-2026-000938
24776330-9;DIEGO HERNANDEZ MUNOZ;384266.45;BANCO SECURITY;234749694594;REF-2026-000939
22255400-4;FELIPE FUENTES MUNOZ;1601791.40;BANCO ESTADO;123260116832;REF-2026-000940
22439163-3;FRANCISCA TORRES RODRIGUEZ;1482927.36;BANCO CHILE;357835537800;REF-2026-000941
21566252-7;PEDRO LOPEZ SEPULVEDA;963284.76;SCOTIABANK;489943759260;REF-2026-000942
12579054-2;TOMAS FUENTES SEPULVEDA;1798831.54;BCI;077694259266;REF-2026-000943
20961064-7;CRISTOBAL DIAZ PEREZ;1418813.62;BANCO ESTADO;483738732300;REF-2026-000944
22537639-5;CAMILA MUNOZ ROJAS;832979.51;BANCO ESTADO;070444137436;REF-2026-000945
17204082-9;VALENTINA MORALES CONTRERAS;1252723.51;BANCO ESTADO;921123168818;REF-2026-000946
19250708-1;NICOLAS MARTINEZ ESPINOZA;1249974.34;BANCO SECURITY;522220469114;REF-2026-000947
25238873-7;CONSTANZA TORRES ARAYA;589876.18;ITAU;134608000145;REF-2026-000948
13411755-9;NICOLAS TORRES SILVA;1322789.17;BANCO CHILE;808881644941;REF-2026-000949
6773432-7;CAMILA TORRES PEREZ;380590.48;BANCO FALABELLA;332368480731;REF-2026-000950
25869741-3;JORGE MUNOZ GONZALEZ;1391386.96;ITAU;515505863718;REF-2026-000951
11775705-6;MATIAS TORRES TORRES;1063631.33;BANCO FALABELLA;949369502093;REF-2026-000952
23137143-5;TOMAS PEREZ SOTO;907627.15;BANCO SECURITY;346530615119;REF-2026-000953
17627759-9;CATALINA HERNANDEZ SOTO;73911.22;SCOTIABANK;777893871812;REF-2026-000954
10507766-1;NICOLAS FUENTES ROJAS;660275.91;BANCO SECURITY;840612225671;REF-2026-000955
8670250-9;ISIDORA TORRES FLORES;1442333.69;ITAU;617224345759;REF-2026-000956
10244925-8;FERNANDA SOTO LOPEZ;557370.63;BANCO SECURITY;746679077951;REF-2026-000957
16836787-2;MATIAS MORALES SOTO;64028.75;BANCO CHILE;920673607823;REF-2026-000958
17294682-8;CRISTOBAL ESPINOZA PEREZ;1609728.80;BANCO FALABELLA;105713765320;REF-2026-000959
19366269-2;CRISTOBAL RODRIGUEZ FUENTES;741665.07;BCI;259761531493;REF-2026-000960
15472322-6;ISIDORA GONZALEZ GONZALEZ;1827299.39;BANCO ESTADO;187133550028;REF-2026-000961
5661424-9;TOMAS MORALES SOTO;971597.84;BANCO SECURITY;566080469383;REF-2026-000962
19132208-8;ANTONIA PEREZ TORRES;1238102.02;BANCO FALABELLA;629687595832;REF-2026-000963
18096321-9;JAVIERA ESPINOZA MUNOZ;1700183.62;BANCO ESTADO;742701613051;REF-2026-000964
11909136-5;JAVIERA TORRES ARAYA;1706749.97;BANCO FALABELLA;676025523930;REF-2026-000965
15050253-5;CRISTOBAL FUENTES CONTRERAS;1047183.81;BANCO ESTADO;936617309923;REF-2026-000966
22979606-2;VALENTINA SEPULVEDA MARTINEZ;104680.38;BANCO SECURITY;249268879535;REF-2026-000967
25957168-5;CAMILA ESPINOZA MUNOZ;1246230.43;SCOTIABANK;624059179403;REF-2026-000968
22819539-1;NICOLAS FUENTES CONTRERAS;733375.09;SCOTIABANK;883635705960;REF-2026-000969
15063276-5;SEBASTIAN FLORES MORALES;424591.53;BANCO SECURITY;684978974117;REF-2026-000970
22292921-0;CATALINA FLORES DIAZ;1852374.02;BANCO SANTANDER;548938369690;REF-2026-000971
12145510-2;CATALINA MARTINEZ FLORES;1701456.78;BANCO SECURITY;623489521397;REF-2026-000972
7009295-6;FERNANDA CONTRERAS RODRIGUEZ;974904.18;BCI;821985028652;REF-2026-000973
15075579-4;SEBASTIAN FUENTES MORALES;1808940.08;BCI;455604966623;REF-2026-000974
13956844-3;MATIAS DIAZ MARTINEZ;1445439.76;BCI;264736186010;REF-2026-000975
8810393-9;FRANCISCA CONTRERAS PEREZ;520032.39;ITAU;617265024660;REF-2026-000976
19634192-7;SEBASTIAN SOTO CONTRERAS;339198.34;BANCO SANTANDER;284593004920;REF-2026-000977
14320481-2;TOMAS DIAZ SOTO;1520137.62;BANCO CHILE;946130433946;REF-2026-000978
7816208-2;JAVIERA VALDES SEPULVEDA;1823591.08;BANCO SECURITY;404283570300;REF-2026-000979
8030176-6;CONSTANZA ROJAS SILVA;239739.73;BANCO ESTADO;733386230971;REF-2026-000980
24475654-9;FERNANDA MARTINEZ TORRES;1860066.11;BCI;136720199128;REF-2026-000981
15516305-4;JAVIERA ESPINOZA LOPEZ;1694972.95;BCI;468874410278;REF-2026-000982
12315147-K;FRANCISCA MUNOZ DIAZ;454018.35;ITAU;281926833915;REF-2026-000983
24779698-3;JUAN TORRES FLORES;790813.89;BANCO ESTADO;599359768117;REF-2026-000984
19219741-4;NICOLAS SILVA MARTINEZ;1849305.18;BANCO FALABELLA;789020077163;REF-2026-000985
17339282-6;MATIAS PEREZ VALDES;78000.94;BANCO CHILE;738827289468;REF-2026-000986
13042186-5;ANTONIA FLORES LOPEZ;653583.81;BANCO FALABELLA;893937260466;REF-2026-000987
9095444-K;TOMAS SILVA HERNANDEZ;819682.01;BANCO SECURITY;284115339387;REF-2026-000988
15096131-9;CAMILA SILVA SEPULVEDA;446212.20;ITAU;351603990185;REF-2026-000989
18632790-K;JUAN MARTINEZ GONZALEZ;1731370.99;ITAU;810477173301;REF-2026-000990
16164304-1;SEBASTIAN MUNOZ DIAZ;N/A;SCOTIABANK;071894166931;REF-2026-000991
16806339-3;SEBASTIAN VALDES FLORES;1552248.41;ITAU;034050675721;REF-2026-000992
6748146-1;DIEGO HERNANDEZ ROJAS;11450.51;BCI;338705961041;REF-2026-000993
15526756-9;ISIDORA GONZALEZ MUNOZ;335977.31;BANCO SANTANDER;657472696334;REF-2026-000994
18767927-3;JAVIERA HERNANDEZ TORRES;1836874.94;BANCO SANTANDER;191098172590;REF-2026-000995
24898463-5;JAVIERA SEPULVEDA CONTRERAS;181997.53;BANCO FALABELLA;431277938012;REF-2026-000996
17660759-9;ISIDORA SILVA PEREZ;1993329.02;BCI;099384149191;REF-2026-000997
20516404-9;VALENTINA MARTINEZ DIAZ;109402.51;BANCO SECURITY;287046508685;REF-2026-000998
10008039-7;CAMILA RODRIGUEZ DIAZ;1991513.72;BANCO ESTADO;787039638224;REF-2026-000999
22644185-9;SEBASTIAN HERNANDEZ TORRES;253538.28;BCI;898055187588;REF-2026-001000
